"","year","last_name","first_name","player_id","name_abbrev","team_id","position_name","age","bat_side","seconds_since_hit_000","seconds_since_hit_005","seconds_since_hit_010","seconds_since_hit_015","seconds_since_hit_020","seconds_since_hit_025","seconds_since_hit_030","seconds_since_hit_035","seconds_since_hit_040","seconds_since_hit_045","seconds_since_hit_050","seconds_since_hit_055","seconds_since_hit_060","seconds_since_hit_065","seconds_since_hit_070","seconds_since_hit_075","seconds_since_hit_080","seconds_since_hit_085","seconds_since_hit_090","full_name"
"1",2022,"Abrams","CJ",682928,"WSH",120,"SS",21,"L",0,0.53,0.82,1.07,1.3,1.51,1.71,1.9,2.09,2.27,2.44,2.62,2.79,2.95,3.12,3.29,3.45,3.63,3.82,"CJ Abrams"
"2",2022,"Abreu","José",547989,"CWS",145,"1B",35,"R",0,0.57,0.92,1.2,1.45,1.68,1.9,2.11,2.32,2.52,2.71,2.9,3.09,3.27,3.46,3.64,3.83,4.02,4.22,"José Abreu"
"3",2022,"Acuña Jr.","Ronald",660670,"ATL",144,"RF",24,"R",0,0.54,0.85,1.1,1.33,1.54,1.74,1.93,2.12,2.3,2.48,2.65,2.82,2.99,3.16,3.32,3.49,3.65,3.82,"Ronald Acuña Jr."
"4",2022,"Adames","Willy",642715,"MIL",158,"SS",26,"R",0,0.55,0.87,1.14,1.38,1.61,1.82,2.02,2.21,2.4,2.58,2.76,2.94,3.12,3.29,3.46,3.64,3.81,3.99,"Willy Adames"
"5",2022,"Adams","Riley",656180,"WSH",120,"C",26,"R",0,0.56,0.89,1.16,1.41,1.64,1.86,2.07,2.27,2.47,2.66,2.86,3.04,3.23,3.42,3.6,3.79,3.97,4.17,"Riley Adams"
"6",2022,"Adell","Jo",666176,"LAA",108,"LF",23,"R",0,0.55,0.85,1.11,1.34,1.55,1.75,1.94,2.13,2.31,2.48,2.65,2.82,2.99,3.15,3.31,3.47,3.64,3.81,"Jo Adell"
"7",2022,"Adrianza","Ehire",501303,"ATL",144,"3B",32,"R",0,0.57,0.9,1.16,1.41,1.63,1.84,2.04,2.24,2.43,2.62,2.81,2.99,3.17,3.35,3.53,3.71,3.89,4.08,"Ehire Adrianza"
"8",2022,"Adrianza","Ehire",501303,"ATL",144,"3B",32,"L",0,0.56,0.86,1.12,1.35,1.57,1.78,1.98,2.17,2.36,2.55,2.73,2.92,3.1,3.28,3.47,3.65,3.84,4.04,"Ehire Adrianza"
"9",2022,"Aguilar","Jesús",542583,"BAL",110,"1B",32,"R",0,0.59,0.96,1.26,1.54,1.79,2.02,2.25,2.47,2.68,2.89,3.09,3.29,3.5,3.69,3.89,4.09,4.3,4.51,"Jesús Aguilar"
"10",2022,"Ahmed","Nick",605113,"AZ",109,"SS",32,"R",0,0.57,0.9,1.17,1.41,1.64,1.85,2.06,2.26,2.45,2.64,2.82,3,3.18,3.36,3.54,3.72,3.89,4.07,"Nick Ahmed"
"11",2022,"Alberto","Hanser",593643,"LAD",119,"2B",29,"R",0,0.56,0.89,1.16,1.41,1.65,1.87,2.08,2.28,2.48,2.68,2.87,3.06,3.26,3.45,3.64,3.83,4.02,4.23,"Hanser Alberto"
"12",2022,"Albies","Ozzie",645277,"ATL",144,"2B",25,"L",0,0.53,0.83,1.08,1.31,1.53,1.73,1.93,2.12,2.3,2.48,2.66,2.83,3.01,3.18,3.35,3.52,3.7,3.89,"Ozzie Albies"
"13",2022,"Albies","Ozzie",645277,"ATL",144,"2B",25,"R",0,0.54,0.86,1.11,1.34,1.56,1.76,1.96,2.15,2.33,2.51,2.69,2.87,3.04,3.22,3.39,3.57,3.75,3.93,"Ozzie Albies"
"14",2022,"Alcántara","Sergio",642727,"AZ",109,"3B",25,"L",0,0.54,0.85,1.11,1.35,1.57,1.79,1.99,2.18,2.37,2.56,2.75,2.93,3.11,3.28,3.46,3.63,3.81,4.01,"Sergio Alcántara"
"15",2022,"Alcántara","Sergio",642727,"AZ",109,"3B",25,"R",0,0.56,0.89,1.17,1.41,1.64,1.85,2.06,2.25,2.45,2.63,2.82,3,3.17,3.35,3.52,3.7,3.88,4.07,"Sergio Alcántara"
"16",2022,"Alfaro","Jorge",595751,"SD",135,"C",29,"R",0,0.56,0.89,1.16,1.4,1.62,1.83,2.03,2.23,2.41,2.6,2.78,2.96,3.13,3.3,3.48,3.64,3.81,3.99,"Jorge Alfaro"
"17",2022,"Allen","Greg",656185,"PIT",134,"LF",29,"R",0,0.55,0.86,1.12,1.36,1.58,1.79,1.98,2.17,2.36,2.54,2.72,2.89,3.07,3.24,3.41,3.58,3.75,3.93,"Greg Allen"
"18",2022,"Allen","Nick",669397,"OAK",133,"SS",23,"R",0,0.54,0.86,1.12,1.36,1.58,1.79,2,2.19,2.39,2.57,2.76,2.94,3.12,3.3,3.48,3.66,3.84,4.03,"Nick Allen"
"19",2022,"Almora Jr.","Albert",546991,"CIN",113,"RF",28,"R",0,0.56,0.89,1.16,1.41,1.63,1.85,2.05,2.25,2.44,2.63,2.81,3,3.17,3.35,3.53,3.7,3.88,4.06,"Albert Almora Jr."
"20",2022,"Alonso","Pete",624413,"NYM",121,"1B",27,"R",0,0.56,0.9,1.18,1.43,1.67,1.89,2.1,2.31,2.51,2.71,2.91,3.1,3.29,3.48,3.67,3.86,4.06,4.26,"Pete Alonso"
"21",2022,"Altuve","Jose",514888,"HOU",117,"2B",32,"R",0,0.55,0.86,1.11,1.34,1.55,1.75,1.94,2.12,2.3,2.47,2.64,2.81,2.98,3.15,3.31,3.48,3.64,3.81,"Jose Altuve"
"22",2022,"Alvarez","Yordan",670541,"HOU",117,"DH",25,"L",0,0.56,0.87,1.14,1.38,1.6,1.81,2.01,2.21,2.4,2.58,2.76,2.94,3.12,3.29,3.47,3.65,3.83,4.03,"Yordan Alvarez"
"23",2022,"Anderson","Brian",605119,"MIA",146,"3B",29,"R",0,0.56,0.88,1.15,1.4,1.62,1.83,2.04,2.23,2.43,2.61,2.8,2.98,3.16,3.34,3.52,3.7,3.88,4.08,"Brian Anderson"
"24",2022,"Anderson","Tim",641313,"CWS",145,"SS",29,"R",0,0.55,0.87,1.12,1.35,1.57,1.77,1.96,2.15,2.33,2.51,2.68,2.85,3.02,3.19,3.36,3.53,3.7,3.88,"Tim Anderson"
"25",2022,"Andrus","Elvis",462101,"CWS",145,"SS",33,"R",0,0.56,0.89,1.17,1.42,1.64,1.86,2.07,2.27,2.47,2.66,2.85,3.03,3.22,3.4,3.59,3.78,3.97,4.18,"Elvis Andrus"
"26",2022,"Andújar","Miguel",609280,"PIT",134,"LF",27,"R",0,0.54,0.87,1.13,1.38,1.6,1.81,2.01,2.21,2.39,2.58,2.76,2.94,3.12,3.3,3.48,3.65,3.84,4.02,"Miguel Andújar"
"27",2022,"Aquino","Aristides",606157,"CIN",113,"RF",28,"R",0,0.55,0.87,1.14,1.38,1.6,1.81,2.01,2.2,2.38,2.56,2.74,2.92,3.09,3.26,3.43,3.6,3.77,3.94,"Aristides Aquino"
"28",2022,"Aranda","Jonathan",666018,"TB",139,"2B",24,"L",0,0.54,0.86,1.13,1.38,1.6,1.82,2.03,2.23,2.43,2.62,2.81,3,3.19,3.38,3.58,3.78,3.99,4.21,"Jonathan Aranda"
"29",2022,"Arcia","Orlando",606115,"ATL",144,"2B",27,"R",0,0.55,0.88,1.16,1.41,1.64,1.86,2.07,2.27,2.47,2.66,2.85,3.04,3.22,3.41,3.59,3.78,3.97,4.16,"Orlando Arcia"
"30",2022,"Arenado","Nolan",571448,"STL",138,"3B",31,"R",0,0.57,0.92,1.21,1.47,1.72,1.95,2.17,2.38,2.58,2.78,2.98,3.17,3.36,3.55,3.74,3.93,4.13,4.34,"Nolan Arenado"
"31",2022,"Arias","Gabriel",672356,"CLE",114,"3B",22,"R",0,0.58,0.91,1.18,1.42,1.64,1.86,2.06,2.26,2.45,2.64,2.83,3.01,3.19,3.37,3.54,3.72,3.89,4.07,"Gabriel Arias"
"32",2022,"Arozarena","Randy",668227,"TB",139,"LF",27,"R",0,0.56,0.87,1.13,1.37,1.59,1.79,1.99,2.18,2.36,2.54,2.72,2.89,3.06,3.23,3.4,3.57,3.74,3.93,"Randy Arozarena"
"33",2022,"Arraez","Luis",650333,"MIN",142,"1B",25,"L",0,0.54,0.85,1.11,1.34,1.56,1.77,1.98,2.17,2.36,2.55,2.73,2.91,3.09,3.27,3.45,3.64,3.84,4.04,"Luis Arraez"
"34",2022,"Arroyo","Christian",624414,"BOS",111,"2B",27,"R",0,0.55,0.87,1.14,1.38,1.61,1.82,2.02,2.22,2.4,2.59,2.77,2.95,3.13,3.3,3.48,3.65,3.83,4.01,"Christian Arroyo"
"35",2022,"Astudillo","Willians",553902,"MIA",146,"2B",30,"R",0,0.56,0.92,1.21,1.47,1.7,1.93,2.14,2.35,2.55,2.75,2.94,3.13,3.33,3.51,3.7,3.9,4.09,4.29,"Willians Astudillo"
"36",2022,"Azocar","José",640492,"SD",135,"CF",26,"R",0,0.57,0.89,1.15,1.39,1.6,1.81,2,2.19,2.37,2.55,2.72,2.89,3.06,3.23,3.39,3.56,3.72,3.9,"José Azocar"
"37",2022,"Baddoo","Akil",668731,"DET",116,"LF",23,"L",0,0.53,0.82,1.08,1.31,1.52,1.72,1.91,2.1,2.28,2.46,2.63,2.8,2.97,3.14,3.31,3.48,3.65,3.84,"Akil Baddoo"
"38",2022,"Bader","Harrison",664056,"NYY",147,"CF",28,"R",0,0.55,0.86,1.12,1.35,1.56,1.77,1.96,2.15,2.33,2.51,2.68,2.86,3.03,3.2,3.36,3.53,3.69,3.86,"Harrison Bader"
"39",2022,"Barnes","Austin",605131,"LAD",119,"C",32,"R",0,0.56,0.89,1.17,1.42,1.66,1.88,2.09,2.29,2.49,2.68,2.87,3.06,3.25,3.43,3.61,3.8,3.98,4.18,"Austin Barnes"
"40",2022,"Barnhart","Tucker",571466,"DET",116,"C",31,"L",0,0.54,0.87,1.16,1.42,1.66,1.9,2.12,2.34,2.55,2.76,2.97,3.17,3.38,3.58,3.79,4,4.22,4.46,"Tucker Barnhart"
"41",2022,"Barnhart","Tucker",571466,"DET",116,"C",31,"R",0,0.57,0.94,1.23,1.5,1.75,1.99,2.22,2.44,2.65,2.87,3.08,3.28,3.49,3.7,3.9,4.11,4.33,4.56,"Tucker Barnhart"
"42",2022,"Barrera","Luis",642456,"OAK",133,"RF",26,"L",0,0.51,0.8,1.05,1.28,1.49,1.69,1.88,2.07,2.25,2.43,2.6,2.78,2.95,3.12,3.29,3.46,3.64,3.83,"Luis Barrera"
"43",2022,"Barrero","Jose",676480,"CIN",113,"SS",24,"R",0,0.57,0.89,1.15,1.39,1.62,1.83,2.03,2.23,2.41,2.6,2.78,2.96,3.14,3.31,3.49,3.67,3.84,4.02,"Jose Barrero"
"44",2022,"Bart","Joey",663698,"SF",137,"C",25,"R",0,0.57,0.9,1.17,1.42,1.65,1.87,2.07,2.28,2.47,2.66,2.85,3.03,3.21,3.39,3.57,3.75,3.92,4.11,"Joey Bart"
"45",2022,"Beer","Seth",666179,"AZ",109,"DH",25,"L",0,0.54,0.87,1.14,1.39,1.63,1.85,2.07,2.28,2.49,2.7,2.89,3.09,3.29,3.49,3.69,3.89,4.11,4.35,"Seth Beer"
"46",2022,"Bell","Josh",605137,"SD",135,"1B",29,"L",0,0.57,0.89,1.17,1.43,1.66,1.88,2.1,2.3,2.5,2.7,2.89,3.08,3.26,3.45,3.63,3.82,4.01,4.21,"Josh Bell"
"47",2022,"Bell","Josh",605137,"SD",135,"1B",29,"R",0,0.56,0.89,1.18,1.43,1.67,1.89,2.1,2.31,2.51,2.71,2.9,3.09,3.28,3.46,3.65,3.83,4.03,4.23,"Josh Bell"
"48",2022,"Bellinger","Cody",641355,"LAD",119,"CF",26,"L",0,0.55,0.85,1.11,1.34,1.55,1.76,1.95,2.14,2.32,2.5,2.68,2.85,3.02,3.19,3.36,3.53,3.72,3.93,"Cody Bellinger"
"49",2022,"Belt","Brandon",474832,"SF",137,"1B",34,"L",0,0.54,0.86,1.14,1.4,1.64,1.87,2.09,2.3,2.51,2.71,2.92,3.12,3.31,3.51,3.71,3.91,4.12,4.36,"Brandon Belt"
"50",2022,"Bemboom","Anthony",621532,"BAL",110,"C",32,"L",0,0.56,0.88,1.14,1.39,1.61,1.82,2.03,2.22,2.42,2.6,2.79,2.97,3.15,3.33,3.5,3.68,3.86,4.06,"Anthony Bemboom"
"51",2022,"Benintendi","Andrew",643217,"NYY",147,"LF",27,"L",0,0.55,0.84,1.1,1.33,1.55,1.75,1.95,2.14,2.33,2.51,2.69,2.87,3.05,3.22,3.4,3.58,3.76,3.95,"Andrew Benintendi"
"52",2022,"Benson","Will",666181,"CLE",114,"CF",24,"L",0,0.54,0.84,1.1,1.33,1.54,1.74,1.94,2.12,2.3,2.48,2.66,2.83,3,3.17,3.33,3.5,3.67,3.85,"Will Benson"
"53",2022,"Bernard","Wynton",592144,"COL",115,"CF",31,"R",0,0.56,0.86,1.11,1.34,1.55,1.75,1.94,2.13,2.31,2.48,2.65,2.82,2.98,3.15,3.31,3.47,3.63,3.8,"Wynton Bernard"
"54",2022,"Berti","Jon",542932,"MIA",146,"2B",32,"R",0,0.55,0.85,1.11,1.34,1.55,1.76,1.95,2.14,2.32,2.49,2.67,2.84,3.01,3.17,3.34,3.51,3.67,3.84,"Jon Berti"
"55",2022,"Bethancourt","Christian",542194,"TB",139,"C",30,"R",0,0.57,0.89,1.16,1.4,1.63,1.84,2.04,2.23,2.42,2.6,2.78,2.96,3.13,3.31,3.48,3.65,3.82,3.99,"Christian Bethancourt"
"56",2022,"Betts","Mookie",605141,"LAD",119,"RF",29,"R",0,0.54,0.86,1.13,1.37,1.6,1.81,2.01,2.2,2.39,2.58,2.76,2.94,3.12,3.3,3.48,3.65,3.83,4.02,"Mookie Betts"
"57",2022,"Bichette","Bo",666182,"TOR",141,"SS",24,"R",0,0.56,0.88,1.15,1.39,1.61,1.82,2.02,2.22,2.41,2.6,2.78,2.96,3.14,3.32,3.5,3.68,3.86,4.06,"Bo Bichette"
"58",2022,"Biggio","Cavan",624415,"TOR",141,"2B",27,"L",0,0.56,0.87,1.13,1.36,1.58,1.78,1.98,2.17,2.35,2.53,2.71,2.89,3.06,3.23,3.4,3.57,3.75,3.94,"Cavan Biggio"
"59",2022,"Blackmon","Charlie",453568,"COL",115,"DH",35,"L",0,0.54,0.84,1.11,1.34,1.56,1.77,1.97,2.16,2.34,2.53,2.71,2.89,3.06,3.23,3.41,3.58,3.76,3.95,"Charlie Blackmon"
"60",2022,"Bleday","JJ",668709,"MIA",146,"CF",24,"L",0,0.56,0.87,1.13,1.37,1.59,1.8,2,2.19,2.38,2.57,2.75,2.93,3.11,3.29,3.46,3.64,3.82,4.01,"JJ Bleday"
"61",2022,"Bogaerts","Xander",593428,"BOS",111,"SS",29,"R",0,0.56,0.88,1.15,1.39,1.61,1.82,2.02,2.22,2.4,2.59,2.77,2.94,3.12,3.29,3.47,3.64,3.81,4,"Xander Bogaerts"
"62",2022,"Bohm","Alec",664761,"PHI",143,"3B",25,"R",0,0.55,0.88,1.15,1.4,1.63,1.84,2.05,2.25,2.44,2.63,2.82,3.01,3.19,3.37,3.55,3.73,3.91,4.1,"Alec Bohm"
"63",2022,"Bolt","Skye",621450,"OAK",133,"CF",28,"L",0,0.55,0.86,1.12,1.36,1.57,1.78,1.98,2.17,2.36,2.54,2.72,2.9,3.07,3.25,3.42,3.6,3.78,3.98,"Skye Bolt"
"64",2022,"Bote","David",623520,"CHC",112,"3B",29,"R",0,0.56,0.87,1.14,1.38,1.61,1.82,2.03,2.22,2.42,2.61,2.8,2.98,3.16,3.34,3.53,3.71,3.89,4.08,"David Bote"
"65",2022,"Bradley Jr.","Jackie",598265,"TOR",141,"RF",32,"L",0,0.53,0.83,1.09,1.33,1.55,1.77,1.97,2.17,2.36,2.55,2.74,2.93,3.11,3.29,3.47,3.65,3.84,4.05,"Jackie Bradley Jr."
"66",2022,"Brantley","Michael",488726,"HOU",117,"DH",35,"L",0,0.53,0.84,1.1,1.34,1.56,1.77,1.98,2.17,2.37,2.56,2.75,2.94,3.13,3.32,3.51,3.71,3.92,4.15,"Michael Brantley"
"67",2022,"Bregman","Alex",608324,"HOU",117,"3B",28,"R",0,0.56,0.88,1.15,1.4,1.62,1.83,2.04,2.24,2.43,2.62,2.81,3,3.18,3.36,3.55,3.73,3.92,4.11,"Alex Bregman"
"68",2022,"Brennan","Will",686823,"CLE",114,"LF",24,"L",0,0.54,0.85,1.11,1.34,1.56,1.77,1.97,2.16,2.35,2.53,2.71,2.89,3.07,3.24,3.42,3.6,3.78,3.98,"Will Brennan"
"69",2022,"Bride","Jonah",681146,"OAK",133,"2B",26,"R",0,0.56,0.89,1.16,1.41,1.64,1.86,2.07,2.27,2.47,2.66,2.85,3.04,3.22,3.4,3.59,3.77,3.95,4.15,"Jonah Bride"
"70",2022,"Brosseau","Mike",670712,"MIL",158,"3B",28,"R",0,0.53,0.85,1.12,1.35,1.58,1.79,1.99,2.19,2.38,2.57,2.75,2.94,3.12,3.29,3.47,3.64,3.82,4.01,"Mike Brosseau"
"71",2022,"Brown","Seth",664913,"OAK",133,"1B",29,"L",0,0.54,0.84,1.11,1.34,1.56,1.77,1.97,2.17,2.35,2.54,2.72,2.9,3.08,3.25,3.42,3.6,3.78,3.97,"Seth Brown"
"72",2022,"Bruján","Vidal",660644,"TB",139,"2B",24,"L",0,0.53,0.82,1.07,1.29,1.51,1.71,1.9,2.09,2.27,2.45,2.62,2.8,2.97,3.14,3.31,3.49,3.67,3.86,"Vidal Bruján"
"73",2022,"Bruján","Vidal",660644,"TB",139,"2B",24,"R",0,0.56,0.87,1.13,1.36,1.58,1.78,1.98,2.17,2.35,2.53,2.71,2.88,3.06,3.22,3.39,3.56,3.74,3.92,"Vidal Bruján"
"74",2022,"Bryant","Kris",592178,"COL",115,"LF",30,"R",0,0.55,0.89,1.16,1.41,1.64,1.86,2.07,2.27,2.46,2.65,2.84,3.02,3.2,3.38,3.56,3.74,3.92,4.11,"Kris Bryant"
"75",2022,"Burdick","Peyton",680814,"MIA",146,"CF",25,"R",0,0.54,0.86,1.13,1.37,1.6,1.81,2.01,2.21,2.4,2.58,2.77,2.95,3.13,3.3,3.48,3.66,3.83,4.01,"Peyton Burdick"
"76",2022,"Burger","Jake",669394,"CWS",145,"3B",26,"R",0,0.55,0.89,1.17,1.42,1.65,1.86,2.07,2.27,2.46,2.64,2.83,3.01,3.18,3.36,3.53,3.71,3.89,4.07,"Jake Burger"
"77",2022,"Burleson","Alec",676475,"STL",138,"RF",23,"L",0,0.54,0.87,1.15,1.4,1.63,1.85,2.07,2.27,2.47,2.67,2.86,3.05,3.23,3.42,3.6,3.79,3.99,4.18,"Alec Burleson"
"78",2022,"Buxton","Byron",621439,"MIN",142,"CF",28,"R",0,0.55,0.86,1.12,1.34,1.55,1.75,1.94,2.12,2.3,2.48,2.65,2.81,2.98,3.15,3.31,3.48,3.64,3.82,"Byron Buxton"
"79",2022,"Báez","Javier",595879,"DET",116,"SS",29,"R",0,0.57,0.89,1.16,1.41,1.63,1.85,2.05,2.25,2.43,2.62,2.8,2.98,3.16,3.33,3.51,3.68,3.86,4.05,"Javier Báez"
"80",2022,"Cabrera","Miguel",408234,"DET",116,"DH",39,"R",0,0.58,0.95,1.25,1.52,1.78,2.02,2.24,2.47,2.68,2.89,3.1,3.31,3.52,3.72,3.93,4.14,4.36,4.58,"Miguel Cabrera"
"81",2022,"Cabrera","Oswaldo",665828,"NYY",147,"RF",23,"L",0,0.55,0.86,1.12,1.36,1.58,1.79,1.99,2.18,2.37,2.55,2.74,2.92,3.1,3.27,3.45,3.63,3.82,4.01,"Oswaldo Cabrera"
"82",2022,"Cain","Lorenzo",456715,"MIL",158,"CF",36,"R",0,0.57,0.89,1.16,1.4,1.63,1.84,2.03,2.23,2.41,2.6,2.77,2.95,3.12,3.3,3.47,3.64,3.81,3.99,"Lorenzo Cain"
"83",2022,"Calhoun","Kole",594777,"TEX",140,"RF",34,"L",0,0.55,0.86,1.13,1.38,1.61,1.83,2.04,2.24,2.44,2.64,2.83,3.02,3.21,3.4,3.59,3.78,3.97,4.18,"Kole Calhoun"
"84",2022,"Call","Alex",669743,"WSH",120,"LF",27,"R",0,0.56,0.88,1.14,1.38,1.6,1.81,2.01,2.21,2.39,2.58,2.76,2.93,3.11,3.28,3.45,3.63,3.8,3.98,"Alex Call"
"85",2022,"Camargo","Johan",622666,"PHI",143,"SS",28,"L",0,0.55,0.87,1.14,1.39,1.62,1.84,2.05,2.26,2.46,2.66,2.85,3.05,3.25,3.45,3.66,3.87,4.11,4.37,"Johan Camargo"
"86",2022,"Camargo","Johan",622666,"PHI",143,"SS",28,"R",0,0.55,0.88,1.16,1.41,1.64,1.86,2.07,2.28,2.48,2.68,2.88,3.07,3.27,3.46,3.66,3.86,4.08,4.34,"Johan Camargo"
"87",2022,"Cameron","Daz",663662,"DET",116,"RF",25,"R",0,0.53,0.84,1.1,1.33,1.55,1.75,1.94,2.13,2.31,2.49,2.66,2.84,3.01,3.18,3.35,3.52,3.69,3.87,"Daz Cameron"
"88",2022,"Campusano","Luis",669134,"SD",135,"C",23,"R",0,0.56,0.9,1.18,1.43,1.67,1.89,2.1,2.3,2.5,2.7,2.89,3.07,3.26,3.44,3.62,3.8,3.98,4.17,"Luis Campusano"
"89",2022,"Candelario","Jeimer",600869,"DET",116,"3B",28,"L",0,0.54,0.86,1.13,1.37,1.6,1.81,2.02,2.22,2.42,2.61,2.79,2.98,3.16,3.34,3.52,3.7,3.89,4.1,"Jeimer Candelario"
"90",2022,"Candelario","Jeimer",600869,"DET",116,"3B",28,"R",0,0.57,0.91,1.19,1.43,1.66,1.88,2.09,2.29,2.48,2.67,2.86,3.04,3.22,3.4,3.58,3.75,3.93,4.11,"Jeimer Candelario"
"91",2022,"Canha","Mark",592192,"NYM",121,"LF",33,"R",0,0.56,0.89,1.16,1.4,1.63,1.84,2.05,2.25,2.44,2.63,2.82,3,3.18,3.36,3.55,3.72,3.9,4.09,"Mark Canha"
"92",2022,"Canó","Robinson",429664,"ATL",144,"2B",39,"L",0,0.56,0.88,1.17,1.42,1.66,1.88,2.1,2.31,2.52,2.72,2.92,3.12,3.31,3.51,3.71,3.91,4.11,4.33,"Robinson Canó"
"93",2022,"Capel","Conner",668843,"OAK",133,"RF",25,"L",0,0.55,0.86,1.13,1.37,1.6,1.81,2.01,2.21,2.4,2.59,2.77,2.96,3.14,3.32,3.49,3.67,3.86,4.05,"Conner Capel"
"94",2022,"Caratini","Victor",605170,"MIL",158,"C",28,"L",0,0.53,0.85,1.13,1.38,1.61,1.83,2.05,2.26,2.46,2.66,2.85,3.05,3.24,3.44,3.63,3.84,4.06,4.31,"Victor Caratini"
"95",2022,"Caratini","Victor",605170,"MIL",158,"C",28,"R",0,0.55,0.89,1.17,1.43,1.67,1.9,2.12,2.33,2.53,2.74,2.94,3.13,3.33,3.52,3.72,3.92,4.13,4.36,"Victor Caratini"
"96",2022,"Carlson","Dylan",666185,"STL",138,"CF",23,"L",0,0.56,0.87,1.13,1.37,1.59,1.8,2,2.19,2.38,2.56,2.74,2.92,3.1,3.27,3.45,3.62,3.81,4.01,"Dylan Carlson"
"97",2022,"Carlson","Dylan",666185,"STL",138,"CF",23,"R",0,0.57,0.89,1.16,1.4,1.63,1.84,2.04,2.23,2.42,2.61,2.79,2.96,3.14,3.32,3.49,3.67,3.85,4.03,"Dylan Carlson"
"98",2022,"Carpenter","Kerry",681481,"DET",116,"DH",24,"L",0,0.55,0.85,1.12,1.35,1.57,1.78,1.98,2.18,2.37,2.55,2.73,2.92,3.09,3.27,3.45,3.63,3.81,4.01,"Kerry Carpenter"
"99",2022,"Carpenter","Matt",572761,"NYY",147,"DH",36,"L",0,0.56,0.89,1.17,1.41,1.65,1.87,2.08,2.28,2.48,2.67,2.86,3.05,3.24,3.43,3.61,3.8,4,4.21,"Matt Carpenter"
"100",2022,"Carroll","Corbin",682998,"AZ",109,"LF",21,"L",0,0.51,0.8,1.04,1.26,1.46,1.66,1.84,2.02,2.2,2.37,2.53,2.7,2.86,3.02,3.18,3.34,3.49,3.66,"Corbin Carroll"
"101",2022,"Casali","Curt",592200,"SEA",136,"C",33,"R",0,0.56,0.91,1.21,1.47,1.72,1.95,2.18,2.4,2.61,2.82,3.03,3.23,3.43,3.63,3.83,4.03,4.23,4.44,"Curt Casali"
"102",2022,"Casas","Triston",671213,"BOS",111,"1B",22,"L",0,0.54,0.87,1.14,1.39,1.63,1.85,2.06,2.27,2.48,2.67,2.87,3.06,3.26,3.45,3.64,3.84,4.03,4.24,"Triston Casas"
"103",2022,"Castellanos","Nick",592206,"PHI",143,"RF",30,"R",0,0.56,0.89,1.16,1.41,1.63,1.85,2.05,2.25,2.45,2.63,2.82,3,3.18,3.36,3.54,3.71,3.89,4.07,"Nick Castellanos"
"104",2022,"Castillo","Diego",660636,"PIT",134,"SS",24,"R",0,0.57,0.91,1.19,1.44,1.67,1.88,2.09,2.29,2.49,2.68,2.87,3.05,3.23,3.41,3.6,3.78,3.96,4.16,"Diego Castillo"
"105",2022,"Castro","Harold",605612,"DET",116,"1B",28,"L",0,0.54,0.86,1.12,1.36,1.58,1.79,2,2.2,2.39,2.58,2.77,2.95,3.14,3.32,3.51,3.7,3.9,4.12,"Harold Castro"
"106",2022,"Castro","Jason",488771,"HOU",117,"C",35,"L",0,0.54,0.86,1.13,1.37,1.6,1.81,2.02,2.22,2.42,2.61,2.8,2.99,3.17,3.35,3.54,3.72,3.91,4.11,"Jason Castro"
"107",2022,"Castro","Rodolfo",666801,"PIT",134,"2B",23,"L",0,0.54,0.85,1.11,1.35,1.58,1.79,1.99,2.18,2.38,2.56,2.74,2.93,3.1,3.28,3.46,3.63,3.81,4,"Rodolfo Castro"
"108",2022,"Castro","Rodolfo",666801,"PIT",134,"2B",23,"R",0,0.58,0.91,1.18,1.42,1.65,1.86,2.06,2.26,2.45,2.64,2.83,3.01,3.18,3.36,3.54,3.72,3.9,4.09,"Rodolfo Castro"
"109",2022,"Castro","Willi",650489,"DET",116,"RF",25,"R",0,0.55,0.88,1.15,1.39,1.61,1.82,2.02,2.21,2.4,2.58,2.76,2.94,3.12,3.29,3.46,3.63,3.8,3.98,"Willi Castro"
"110",2022,"Castro","Willi",650489,"DET",116,"RF",25,"L",0,0.54,0.84,1.1,1.33,1.55,1.76,1.95,2.14,2.33,2.51,2.69,2.86,3.04,3.21,3.39,3.56,3.74,3.96,"Willi Castro"
"111",2022,"Cave","Jake",595909,"MIN",142,"LF",29,"L",0,0.53,0.83,1.08,1.32,1.53,1.74,1.94,2.13,2.32,2.5,2.68,2.86,3.03,3.21,3.38,3.55,3.73,3.92,"Jake Cave"
"112",2022,"Celestino","Gilberto",665482,"MIN",142,"CF",23,"R",0,0.55,0.87,1.13,1.37,1.59,1.79,1.99,2.19,2.38,2.56,2.74,2.92,3.1,3.27,3.45,3.62,3.8,3.98,"Gilberto Celestino"
"113",2022,"Chang","Yu",644374,"BOS",111,"2B",26,"R",0,0.55,0.87,1.13,1.37,1.6,1.8,2.01,2.2,2.39,2.57,2.75,2.93,3.11,3.28,3.45,3.63,3.8,3.98,"Yu Chang"
"114",2022,"Chapman","Matt",656305,"TOR",141,"3B",29,"R",0,0.56,0.88,1.15,1.38,1.61,1.82,2.02,2.21,2.4,2.58,2.76,2.94,3.11,3.29,3.46,3.63,3.8,3.97,"Matt Chapman"
"115",2022,"Chavis","Michael",656308,"PIT",134,"1B",26,"R",0,0.55,0.87,1.13,1.36,1.58,1.79,1.99,2.18,2.37,2.55,2.73,2.9,3.08,3.25,3.42,3.59,3.76,3.93,"Michael Chavis"
"116",2022,"Chirinos","Robinson",455139,"BAL",110,"C",38,"R",0,0.6,0.94,1.23,1.5,1.75,1.99,2.21,2.44,2.65,2.87,3.08,3.29,3.49,3.7,3.91,4.12,4.35,4.59,"Robinson Chirinos"
"117",2022,"Chisholm Jr.","Jazz",665862,"MIA",146,"2B",24,"L",0,0.53,0.83,1.08,1.31,1.53,1.73,1.92,2.11,2.29,2.47,2.64,2.81,2.98,3.15,3.32,3.48,3.65,3.84,"Jazz Chisholm Jr."
"118",2022,"Choi","Ji-Man",596847,"TB",139,"1B",31,"L",0,0.55,0.87,1.15,1.4,1.64,1.86,2.07,2.28,2.48,2.68,2.88,3.07,3.26,3.45,3.64,3.84,4.04,4.25,"Ji-Man Choi"
"119",2022,"Clemens","Kody",665019,"DET",116,"3B",26,"L",0,0.55,0.85,1.12,1.35,1.58,1.79,1.99,2.18,2.37,2.56,2.74,2.92,3.1,3.27,3.45,3.63,3.81,4.01,"Kody Clemens"
"120",2022,"Clement","Ernie",676391,"OAK",133,"3B",26,"R",0,0.55,0.86,1.13,1.36,1.58,1.79,1.99,2.19,2.37,2.56,2.74,2.91,3.09,3.26,3.44,3.61,3.78,3.96,"Ernie Clement"
"121",2022,"Contreras","Mark",676628,"MIN",142,"CF",27,"L",0,0.53,0.83,1.08,1.31,1.52,1.72,1.91,2.1,2.28,2.46,2.64,2.82,2.99,3.16,3.33,3.51,3.69,3.87,"Mark Contreras"
"122",2022,"Contreras","William",661388,"ATL",144,"C",24,"R",0,0.56,0.89,1.16,1.41,1.63,1.85,2.05,2.25,2.45,2.64,2.82,3,3.18,3.36,3.54,3.72,3.9,4.09,"William Contreras"
"123",2022,"Contreras","Willson",575929,"CHC",112,"C",30,"R",0,0.55,0.87,1.13,1.37,1.6,1.81,2.01,2.21,2.4,2.58,2.77,2.95,3.13,3.3,3.48,3.66,3.83,4.02,"Willson Contreras"
"124",2022,"Cooper","Garrett",643265,"MIA",146,"1B",31,"R",0,0.57,0.9,1.18,1.42,1.65,1.87,2.08,2.28,2.48,2.67,2.85,3.04,3.22,3.4,3.58,3.77,3.95,4.14,"Garrett Cooper"
"125",2022,"Cordero","Franchy",614173,"BOS",111,"1B",27,"L",0,0.55,0.85,1.11,1.34,1.56,1.76,1.96,2.15,2.33,2.51,2.68,2.86,3.03,3.2,3.37,3.53,3.71,3.89,"Franchy Cordero"
"126",2022,"Correa","Carlos",621043,"MIN",142,"SS",27,"R",0,0.55,0.88,1.15,1.39,1.62,1.83,2.04,2.23,2.42,2.61,2.79,2.97,3.15,3.33,3.51,3.68,3.87,4.05,"Carlos Correa"
"127",2022,"Crawford","Brandon",543063,"SF",137,"SS",35,"L",0,0.54,0.86,1.14,1.38,1.61,1.83,2.04,2.25,2.45,2.65,2.84,3.03,3.22,3.41,3.6,3.79,3.99,4.2,"Brandon Crawford"
"128",2022,"Crawford","J.P.",641487,"SEA",136,"SS",27,"L",0,0.55,0.86,1.12,1.36,1.59,1.8,2,2.2,2.39,2.57,2.76,2.94,3.12,3.3,3.48,3.66,3.85,4.05,"J.P. Crawford"
"129",2022,"Cron","C.J.",543068,"COL",115,"1B",32,"R",0,0.57,0.92,1.21,1.47,1.71,1.94,2.15,2.36,2.57,2.77,2.97,3.16,3.36,3.55,3.74,3.94,4.14,4.35,"C.J. Cron"
"130",2022,"Cronenworth","Jake",630105,"SD",135,"2B",28,"L",0,0.55,0.85,1.11,1.34,1.55,1.76,1.96,2.15,2.33,2.51,2.69,2.87,3.04,3.21,3.38,3.56,3.73,3.92,"Jake Cronenworth"
"131",2022,"Cruz","Nelson",443558,"WSH",120,"DH",41,"R",0,0.57,0.91,1.19,1.44,1.68,1.9,2.12,2.33,2.53,2.73,2.92,3.12,3.31,3.5,3.69,3.88,4.07,4.27,"Nelson Cruz"
"132",2022,"Cruz","Oneil",665833,"PIT",134,"SS",23,"L",0,0.54,0.85,1.1,1.33,1.54,1.75,1.94,2.12,2.3,2.47,2.64,2.81,2.97,3.13,3.29,3.45,3.62,3.79,"Oneil Cruz"
"133",2022,"Culberson","Charlie",518586,"TEX",140,"3B",33,"R",0,0.55,0.86,1.13,1.37,1.6,1.81,2.01,2.21,2.4,2.58,2.77,2.95,3.13,3.31,3.49,3.66,3.84,4.02,"Charlie Culberson"
"134",2022,"Dalbec","Bobby",666915,"BOS",111,"1B",27,"R",0,0.54,0.86,1.12,1.36,1.58,1.79,1.99,2.18,2.37,2.55,2.73,2.91,3.09,3.26,3.43,3.61,3.78,3.96,"Bobby Dalbec"
"135",2022,"Davis","J.D.",605204,"SF",137,"DH",29,"R",0,0.55,0.87,1.15,1.39,1.63,1.84,2.05,2.26,2.45,2.65,2.84,3.02,3.21,3.39,3.57,3.75,3.94,4.13,"J.D. Davis"
"136",2022,"Davis","Jonathan",641505,"MIL",158,"CF",30,"R",0,0.56,0.88,1.14,1.38,1.6,1.81,2,2.19,2.38,2.56,2.74,2.91,3.09,3.26,3.43,3.6,3.78,3.96,"Jonathan Davis"
"137",2022,"Daza","Yonathan",602074,"COL",115,"CF",28,"R",0,0.56,0.89,1.16,1.4,1.62,1.84,2.04,2.23,2.42,2.61,2.79,2.97,3.15,3.32,3.5,3.67,3.84,4.02,"Yonathan Daza"
"138",2022,"De La Cruz","Bryan",650559,"MIA",146,"CF",25,"R",0,0.56,0.89,1.15,1.4,1.62,1.83,2.03,2.23,2.42,2.6,2.78,2.96,3.14,3.32,3.49,3.67,3.84,4.03,"Bryan De La Cruz"
"139",2022,"DeJong","Paul",657557,"STL",138,"SS",28,"R",0,0.56,0.88,1.15,1.39,1.61,1.82,2.03,2.22,2.41,2.6,2.78,2.96,3.14,3.32,3.49,3.67,3.85,4.03,"Paul DeJong"
"140",2022,"Delay","Jason",641511,"PIT",134,"C",27,"R",0,0.55,0.89,1.17,1.41,1.65,1.87,2.08,2.28,2.48,2.68,2.87,3.06,3.25,3.44,3.63,3.81,4,4.2,"Jason Delay"
"141",2022,"Demeritte","Travis",641513,"ATL",144,"RF",27,"R",0,0.56,0.88,1.14,1.38,1.6,1.8,2,2.19,2.38,2.56,2.74,2.91,3.09,3.26,3.43,3.61,3.78,3.96,"Travis Demeritte"
"142",2022,"Devers","Rafael",646240,"BOS",111,"3B",25,"L",0,0.56,0.88,1.15,1.4,1.63,1.85,2.05,2.26,2.45,2.65,2.83,3.02,3.21,3.4,3.58,3.78,3.98,4.19,"Rafael Devers"
"143",2022,"Diaz","Jordan",672478,"OAK",133,"2B",21,"R",0,0.58,0.92,1.21,1.46,1.7,1.92,2.13,2.33,2.53,2.73,2.92,3.11,3.3,3.49,3.67,3.86,4.06,4.26,"Jordan Diaz"
"144",2022,"Dickerson","Corey",572816,"STL",138,"LF",33,"L",0,0.54,0.85,1.12,1.36,1.58,1.79,2,2.2,2.39,2.58,2.76,2.95,3.13,3.31,3.49,3.68,3.87,4.08,"Corey Dickerson"
"145",2022,"Donaldson","Josh",518626,"NYY",147,"3B",36,"R",0,0.57,0.91,1.19,1.44,1.67,1.9,2.11,2.32,2.52,2.72,2.91,3.1,3.29,3.48,3.67,3.86,4.05,4.24,"Josh Donaldson"
"146",2022,"Donovan","Brendan",680977,"STL",138,"2B",25,"L",0,0.54,0.85,1.12,1.36,1.58,1.8,2,2.2,2.39,2.58,2.76,2.94,3.12,3.3,3.48,3.66,3.85,4.05,"Brendan Donovan"
"147",2022,"Dozier","Hunter",641531,"KC",118,"1B",30,"R",0,0.55,0.88,1.15,1.4,1.62,1.84,2.04,2.24,2.43,2.62,2.8,2.98,3.16,3.34,3.52,3.69,3.87,4.05,"Hunter Dozier"
"148",2022,"Drury","Brandon",592273,"SD",135,"3B",29,"R",0,0.57,0.91,1.19,1.44,1.68,1.9,2.11,2.31,2.51,2.7,2.88,3.07,3.25,3.43,3.61,3.79,3.97,4.16,"Brandon Drury"
"149",2022,"Dubón","Mauricio",643289,"HOU",117,"CF",27,"R",0,0.56,0.87,1.13,1.36,1.58,1.79,1.98,2.18,2.36,2.54,2.72,2.9,3.07,3.25,3.42,3.59,3.77,3.96,"Mauricio Dubón"
"150",2022,"Duffy","Matt",622110,"LAA",108,"3B",31,"R",0,0.57,0.9,1.18,1.43,1.66,1.87,2.08,2.28,2.48,2.67,2.86,3.04,3.22,3.4,3.59,3.77,3.95,4.14,"Matt Duffy"
"151",2022,"Duran","Ezequiel",677649,"TEX",140,"3B",23,"R",0,0.57,0.88,1.14,1.38,1.6,1.81,2,2.19,2.38,2.56,2.73,2.91,3.08,3.25,3.42,3.59,3.75,3.93,"Ezequiel Duran"
"152",2022,"Duran","Jarren",680776,"BOS",111,"CF",25,"L",0,0.53,0.82,1.08,1.31,1.52,1.72,1.91,2.1,2.28,2.46,2.63,2.8,2.97,3.14,3.3,3.46,3.63,3.81,"Jarren Duran"
"153",2022,"Duvall","Adam",594807,"ATL",144,"CF",33,"R",0,0.56,0.88,1.14,1.38,1.6,1.81,2.01,2.2,2.39,2.57,2.75,2.93,3.1,3.28,3.45,3.62,3.8,3.97,"Adam Duvall"
"154",2022,"Díaz","Aledmys",649557,"HOU",117,"LF",31,"R",0,0.57,0.89,1.16,1.4,1.62,1.83,2.03,2.22,2.4,2.59,2.77,2.94,3.11,3.29,3.46,3.63,3.8,3.98,"Aledmys Díaz"
"155",2022,"Díaz","Elias",553869,"COL",115,"C",31,"R",0,0.58,0.92,1.21,1.46,1.7,1.92,2.13,2.34,2.54,2.74,2.93,3.12,3.31,3.5,3.68,3.87,4.06,4.25,"Elias Díaz"
"156",2022,"Díaz","Lewin",650331,"MIA",146,"1B",25,"L",0,0.53,0.86,1.14,1.4,1.64,1.86,2.08,2.29,2.5,2.7,2.9,3.1,3.29,3.49,3.68,3.88,4.09,4.32,"Lewin Díaz"
"157",2022,"Díaz","Yandy",650490,"TB",139,"3B",30,"R",0,0.55,0.88,1.16,1.4,1.63,1.85,2.05,2.25,2.44,2.63,2.82,3,3.18,3.36,3.53,3.71,3.89,4.08,"Yandy Díaz"
"158",2022,"Eaton","Nate",681987,"KC",118,"3B",25,"R",0,0.55,0.86,1.11,1.34,1.55,1.75,1.94,2.13,2.3,2.48,2.65,2.82,2.99,3.15,3.32,3.48,3.65,3.82,"Nate Eaton"
"159",2022,"Edman","Tommy",669242,"STL",138,"SS",27,"L",0,0.53,0.83,1.09,1.32,1.53,1.74,1.93,2.12,2.3,2.48,2.65,2.83,3,3.17,3.34,3.51,3.68,3.87,"Tommy Edman"
"160",2022,"Edman","Tommy",669242,"STL",138,"SS",27,"R",0,0.55,0.86,1.12,1.36,1.57,1.78,1.97,2.16,2.34,2.52,2.7,2.87,3.04,3.2,3.37,3.54,3.7,3.88,"Tommy Edman"
"161",2022,"Encarnacion","Jerar",666464,"MIA",146,"LF",24,"R",0,0.54,0.87,1.13,1.37,1.59,1.8,2,2.19,2.38,2.56,2.74,2.92,3.1,3.27,3.44,3.61,3.79,3.96,"Jerar Encarnacion"
"162",2022,"Engel","Adam",641553,"CWS",145,"CF",30,"R",0,0.56,0.87,1.12,1.36,1.57,1.77,1.97,2.15,2.34,2.51,2.69,2.86,3.03,3.2,3.37,3.53,3.7,3.87,"Adam Engel"
"163",2022,"Escobar","Alcides",444876,"WSH",120,"SS",35,"R",0,0.57,0.89,1.16,1.4,1.62,1.83,2.03,2.23,2.42,2.6,2.78,2.96,3.13,3.31,3.48,3.65,3.82,3.99,"Alcides Escobar"
"164",2022,"Escobar","Eduardo",500871,"NYM",121,"3B",33,"L",0,0.54,0.84,1.11,1.34,1.56,1.77,1.97,2.17,2.35,2.54,2.72,2.9,3.07,3.25,3.43,3.6,3.78,3.97,"Eduardo Escobar"
"165",2022,"Escobar","Eduardo",500871,"NYM",121,"3B",33,"R",0,0.56,0.88,1.14,1.38,1.6,1.81,2.01,2.21,2.4,2.58,2.76,2.93,3.11,3.28,3.46,3.63,3.8,3.98,"Eduardo Escobar"
"166",2022,"Espinal","Santiago",669289,"TOR",141,"2B",27,"R",0,0.56,0.88,1.15,1.39,1.61,1.83,2.03,2.23,2.43,2.61,2.8,2.98,3.17,3.35,3.53,3.71,3.89,4.08,"Santiago Espinal"
"167",2022,"Estrada","Thairo",642731,"SF",137,"2B",26,"R",0,0.57,0.88,1.14,1.38,1.6,1.8,2,2.2,2.38,2.56,2.74,2.92,3.1,3.27,3.44,3.61,3.78,3.96,"Thairo Estrada"
"168",2022,"Fairchild","Stuart",656413,"CIN",113,"LF",26,"R",0,0.55,0.86,1.11,1.35,1.56,1.76,1.96,2.15,2.33,2.51,2.68,2.86,3.03,3.2,3.37,3.53,3.7,3.88,"Stuart Fairchild"
"169",2022,"Farmer","Kyle",571657,"CIN",113,"SS",31,"R",0,0.57,0.92,1.19,1.44,1.67,1.89,2.1,2.3,2.5,2.69,2.88,3.06,3.25,3.43,3.61,3.79,3.97,4.17,"Kyle Farmer"
"170",2022,"Fletcher","David",664058,"LAA",108,"2B",28,"R",0,0.56,0.88,1.15,1.4,1.63,1.84,2.05,2.25,2.45,2.64,2.83,3.02,3.21,3.39,3.58,3.76,3.95,4.14,"David Fletcher"
"171",2022,"Flores","Wilmer",527038,"SF",137,"2B",30,"R",0,0.57,0.92,1.21,1.47,1.71,1.93,2.16,2.37,2.57,2.78,2.98,3.17,3.37,3.56,3.76,3.95,4.15,4.36,"Wilmer Flores"
"172",2022,"Ford","Mike",645801,"LAA",108,"1B",29,"L",0,0.58,0.92,1.21,1.47,1.71,1.94,2.16,2.37,2.57,2.77,2.97,3.17,3.36,3.56,3.75,3.95,4.15,4.37,"Mike Ford"
"173",2022,"Fortes","Nick",663743,"MIA",146,"C",25,"R",0,0.55,0.87,1.14,1.38,1.6,1.82,2.02,2.22,2.41,2.59,2.77,2.95,3.13,3.31,3.49,3.66,3.84,4.02,"Nick Fortes"
"174",2022,"Fraley","Jake",641584,"CIN",113,"LF",27,"L",0,0.52,0.82,1.07,1.3,1.51,1.72,1.91,2.1,2.29,2.47,2.65,2.82,2.99,3.17,3.34,3.51,3.69,3.89,"Jake Fraley"
"175",2022,"France","Ty",664034,"SEA",136,"1B",27,"R",0,0.57,0.92,1.21,1.47,1.71,1.94,2.16,2.37,2.58,2.79,2.99,3.19,3.38,3.58,3.78,3.98,4.19,4.42,"Ty France"
"176",2022,"Franco","Maikel",596748,"WSH",120,"3B",29,"R",0,0.56,0.9,1.19,1.44,1.68,1.91,2.12,2.33,2.53,2.73,2.93,3.12,3.31,3.5,3.69,3.88,4.08,4.29,"Maikel Franco"
"177",2022,"Franco","Wander",677551,"TB",139,"SS",21,"L",0,0.54,0.85,1.1,1.34,1.55,1.76,1.95,2.14,2.33,2.51,2.68,2.86,3.03,3.2,3.37,3.55,3.74,3.94,"Wander Franco"
"178",2022,"Franco","Wander",677551,"TB",139,"SS",21,"R",0,0.55,0.87,1.14,1.38,1.6,1.8,2,2.2,2.38,2.57,2.75,2.92,3.1,3.28,3.45,3.64,3.82,4.02,"Wander Franco"
"179",2022,"Frazier","Adam",624428,"SEA",136,"2B",30,"L",0,0.54,0.85,1.12,1.36,1.58,1.8,2,2.2,2.4,2.59,2.77,2.96,3.14,3.32,3.5,3.69,3.87,4.08,"Adam Frazier"
"180",2022,"Freeman","Freddie",518692,"LAD",119,"1B",32,"L",0,0.55,0.86,1.13,1.37,1.59,1.8,2.01,2.2,2.4,2.58,2.77,2.95,3.13,3.31,3.49,3.67,3.86,4.07,"Freddie Freeman"
"181",2022,"Freeman","Tyler",671289,"CLE",114,"3B",23,"R",0,0.55,0.87,1.13,1.36,1.58,1.79,1.99,2.19,2.37,2.56,2.74,2.91,3.09,3.26,3.44,3.61,3.78,3.97,"Tyler Freeman"
"182",2022,"Friedl","TJ",670770,"CIN",113,"LF",26,"L",0,0.53,0.82,1.07,1.3,1.51,1.71,1.91,2.1,2.28,2.46,2.64,2.81,2.99,3.16,3.33,3.5,3.67,3.86,"TJ Friedl"
"183",2022,"Gallo","Joey",608336,"LAD",119,"LF",28,"L",0,0.53,0.84,1.11,1.35,1.58,1.8,2.01,2.21,2.41,2.6,2.79,2.97,3.16,3.34,3.52,3.7,3.89,4.1,"Joey Gallo"
"184",2022,"Gamel","Ben",592325,"PIT",134,"LF",30,"L",0,0.55,0.85,1.11,1.35,1.56,1.77,1.97,2.16,2.34,2.52,2.7,2.88,3.05,3.22,3.39,3.57,3.75,3.95,"Ben Gamel"
"185",2022,"Garcia","Aramis",605244,"CIN",113,"C",29,"R",0,0.56,0.91,1.19,1.45,1.68,1.91,2.12,2.33,2.53,2.73,2.92,3.11,3.3,3.48,3.67,3.85,4.04,4.22,"Aramis Garcia"
"186",2022,"Garcia","Dermis",660650,"OAK",133,"1B",24,"R",0,0.54,0.87,1.14,1.39,1.61,1.82,2.02,2.22,2.41,2.6,2.78,2.97,3.15,3.33,3.5,3.68,3.87,4.06,"Dermis Garcia"
"187",2022,"Garcia","Leury",544725,"CWS",145,"2B",31,"L",0,0.55,0.84,1.09,1.32,1.54,1.74,1.93,2.12,2.31,2.49,2.66,2.84,3.01,3.18,3.35,3.53,3.71,3.91,"Leury Garcia"
"188",2022,"Garcia","Leury",544725,"CWS",145,"2B",31,"R",0,0.55,0.86,1.12,1.36,1.58,1.78,1.98,2.17,2.36,2.54,2.72,2.9,3.07,3.24,3.41,3.58,3.76,3.94,"Leury Garcia"
"189",2022,"García","Adolis",666969,"TEX",140,"RF",29,"R",0,0.55,0.87,1.12,1.36,1.58,1.78,1.98,2.17,2.35,2.53,2.71,2.88,3.05,3.22,3.39,3.56,3.73,3.9,"Adolis García"
"190",2022,"García","Avisaíl",541645,"MIA",146,"RF",31,"R",0,0.57,0.91,1.18,1.43,1.65,1.87,2.07,2.27,2.45,2.64,2.82,3,3.17,3.34,3.52,3.69,3.86,4.04,"Avisaíl García"
"191",2022,"García","Luis",671277,"WSH",120,"SS",22,"L",0,0.55,0.86,1.12,1.36,1.58,1.79,1.99,2.19,2.38,2.56,2.74,2.92,3.1,3.28,3.46,3.63,3.82,4.01,"Luis García"
"192",2022,"Garlick","Kyle",664247,"MIN",142,"LF",30,"R",0,0.56,0.89,1.16,1.41,1.64,1.85,2.06,2.26,2.46,2.65,2.84,3.02,3.21,3.39,3.58,3.76,3.95,4.14,"Kyle Garlick"
"193",2022,"Garrett","Stone",656448,"AZ",109,"LF",26,"R",0,0.55,0.86,1.12,1.36,1.58,1.78,1.98,2.17,2.35,2.53,2.71,2.89,3.06,3.23,3.4,3.57,3.75,3.92,"Stone Garrett"
"194",2022,"Garver","Mitch",641598,"TEX",140,"DH",31,"R",0,0.57,0.9,1.17,1.42,1.66,1.88,2.09,2.29,2.49,2.68,2.87,3.06,3.25,3.43,3.62,3.8,3.98,4.17,"Mitch Garver"
"195",2022,"Giménez","Andrés",665926,"CLE",114,"2B",23,"L",0,0.55,0.84,1.1,1.33,1.54,1.74,1.94,2.12,2.31,2.48,2.66,2.83,3,3.17,3.33,3.5,3.68,3.88,"Andrés Giménez"
"196",2022,"Goldschmidt","Paul",502671,"STL",138,"1B",34,"R",0,0.56,0.89,1.16,1.41,1.64,1.85,2.06,2.26,2.46,2.65,2.84,3.02,3.21,3.39,3.57,3.75,3.94,4.13,"Paul Goldschmidt"
"197",2022,"Gomes","Yan",543228,"CHC",112,"C",34,"R",0,0.57,0.91,1.2,1.45,1.69,1.91,2.13,2.33,2.53,2.73,2.92,3.11,3.3,3.49,3.67,3.86,4.05,4.25,"Yan Gomes"
"198",2022,"Gonzalez","Marwin",503556,"NYY",147,"SS",33,"L",0,0.55,0.86,1.13,1.37,1.59,1.81,2.01,2.21,2.41,2.6,2.78,2.97,3.15,3.33,3.51,3.7,3.9,4.11,"Marwin Gonzalez"
"199",2022,"Gonzalez","Marwin",503556,"NYY",147,"SS",33,"R",0,0.55,0.88,1.16,1.41,1.64,1.86,2.07,2.27,2.46,2.65,2.84,3.02,3.21,3.39,3.57,3.76,3.95,4.14,"Marwin Gonzalez"
"200",2022,"Gonzalez","Oscar",660757,"CLE",114,"RF",24,"R",0,0.58,0.91,1.19,1.43,1.65,1.87,2.07,2.27,2.45,2.64,2.82,3,3.17,3.34,3.52,3.68,3.85,4.03,"Oscar Gonzalez"
"201",2022,"Gonzalez","Romy",663853,"CWS",145,"2B",25,"R",0,0.57,0.88,1.14,1.37,1.59,1.8,1.99,2.18,2.37,2.55,2.73,2.9,3.07,3.24,3.41,3.58,3.75,3.93,"Romy Gonzalez"
"202",2022,"González","Luis",670768,"SF",137,"RF",26,"L",0,0.53,0.83,1.09,1.32,1.53,1.74,1.94,2.13,2.31,2.49,2.68,2.85,3.03,3.2,3.37,3.55,3.72,3.92,"Luis González"
"203",2022,"Gordon","Nick",624503,"MIN",142,"LF",26,"L",0,0.53,0.83,1.09,1.32,1.54,1.74,1.94,2.13,2.32,2.5,2.68,2.85,3.03,3.2,3.38,3.56,3.74,3.93,"Nick Gordon"
"204",2022,"Gorman","Nolan",669357,"STL",138,"2B",22,"L",0,0.57,0.89,1.16,1.4,1.62,1.84,2.04,2.24,2.43,2.62,2.8,2.98,3.16,3.34,3.52,3.7,3.88,4.08,"Nolan Gorman"
"205",2022,"Gosselin","Phil",594838,"LAA",108,"3B",33,"R",0,0.55,0.87,1.13,1.37,1.59,1.8,1.99,2.18,2.37,2.55,2.72,2.9,3.07,3.24,3.41,3.58,3.74,3.92,"Phil Gosselin"
"206",2022,"Grandal","Yasmani",518735,"CWS",145,"C",33,"L",0,0.56,0.91,1.21,1.48,1.74,1.99,2.22,2.46,2.68,2.91,3.13,3.35,3.57,3.79,4.01,4.25,4.5,4.78,"Yasmani Grandal"
"207",2022,"Greene","Riley",682985,"DET",116,"CF",21,"L",0,0.54,0.84,1.1,1.33,1.55,1.76,1.95,2.14,2.33,2.51,2.69,2.87,3.04,3.21,3.38,3.56,3.73,3.92,"Riley Greene"
"208",2022,"Gregorius","Didi",544369,"PHI",143,"SS",32,"L",0,0.54,0.86,1.12,1.37,1.59,1.8,2.01,2.2,2.4,2.58,2.77,2.95,3.13,3.31,3.48,3.66,3.84,4.05,"Didi Gregorius"
"209",2022,"Grichuk","Randal",545341,"COL",115,"RF",30,"R",0,0.57,0.88,1.15,1.38,1.61,1.82,2.02,2.21,2.4,2.58,2.77,2.95,3.12,3.3,3.47,3.65,3.83,4.02,"Randal Grichuk"
"210",2022,"Grisham","Trent",663757,"SD",135,"CF",25,"L",0,0.53,0.83,1.08,1.31,1.52,1.72,1.91,2.1,2.28,2.45,2.62,2.8,2.96,3.13,3.3,3.47,3.64,3.82,"Trent Grisham"
"211",2022,"Grissom","Vaughn",687093,"ATL",144,"2B",21,"R",0,0.56,0.89,1.17,1.41,1.63,1.85,2.05,2.24,2.43,2.62,2.8,2.98,3.16,3.34,3.51,3.69,3.87,4.05,"Vaughn Grissom"
"212",2022,"Groshans","Jordan",677954,"MIA",146,"3B",22,"R",0,0.58,0.92,1.21,1.46,1.7,1.92,2.13,2.33,2.53,2.73,2.92,3.1,3.29,3.48,3.66,3.84,4.03,4.22,"Jordan Groshans"
"213",2022,"Grossman","Robbie",543257,"ATL",144,"LF",32,"L",0,0.54,0.85,1.11,1.34,1.56,1.77,1.97,2.16,2.35,2.53,2.71,2.89,3.07,3.24,3.42,3.6,3.78,3.97,"Robbie Grossman"
"214",2022,"Grossman","Robbie",543257,"ATL",144,"LF",32,"R",0,0.55,0.87,1.14,1.38,1.61,1.82,2.02,2.22,2.41,2.6,2.78,2.96,3.14,3.32,3.49,3.67,3.85,4.03,"Robbie Grossman"
"215",2022,"Guerrero Jr.","Vladimir",665489,"TOR",141,"1B",23,"R",0,0.56,0.9,1.17,1.42,1.65,1.86,2.07,2.27,2.46,2.65,2.84,3.02,3.2,3.38,3.56,3.73,3.91,4.09,"Vladimir Guerrero Jr."
"216",2022,"Guillorme","Luis",641645,"NYM",121,"2B",27,"L",0,0.56,0.89,1.17,1.42,1.66,1.88,2.09,2.3,2.5,2.7,2.89,3.08,3.27,3.46,3.64,3.83,4.02,4.23,"Luis Guillorme"
"217",2022,"Gurriel Jr.","Lourdes",666971,"TOR",141,"LF",28,"R",0,0.58,0.91,1.18,1.42,1.65,1.86,2.07,2.27,2.46,2.65,2.83,3.01,3.19,3.37,3.55,3.73,3.91,4.1,"Lourdes Gurriel Jr."
"218",2022,"Gurriel","Yuli",493329,"HOU",117,"1B",38,"R",0,0.56,0.9,1.18,1.42,1.65,1.86,2.07,2.26,2.46,2.65,2.83,3.01,3.19,3.38,3.56,3.74,3.92,4.11,"Yuli Gurriel"
"219",2022,"Haase","Eric",606992,"DET",116,"C",29,"R",0,0.56,0.87,1.14,1.38,1.6,1.81,2.02,2.21,2.4,2.59,2.77,2.95,3.13,3.3,3.48,3.66,3.83,4.01,"Eric Haase"
"220",2022,"Hager","Jake",606993,"AZ",109,"2B",29,"R",0,0.55,0.88,1.15,1.4,1.63,1.85,2.06,2.26,2.46,2.65,2.84,3.02,3.2,3.39,3.57,3.75,3.93,4.11,"Jake Hager"
"221",2022,"Haggerty","Sam",664059,"SEA",136,"RF",28,"L",0,0.55,0.85,1.11,1.34,1.55,1.75,1.95,2.14,2.32,2.5,2.68,2.85,3.02,3.19,3.36,3.54,3.72,3.92,"Sam Haggerty"
"222",2022,"Haggerty","Sam",664059,"SEA",136,"RF",28,"R",0,0.54,0.86,1.12,1.36,1.58,1.78,1.98,2.17,2.35,2.54,2.71,2.89,3.06,3.23,3.4,3.57,3.74,3.92,"Sam Haggerty"
"223",2022,"Hall","Darick",669742,"PHI",143,"DH",26,"L",0,0.55,0.89,1.16,1.41,1.65,1.87,2.08,2.29,2.48,2.68,2.87,3.06,3.24,3.43,3.62,3.8,3.99,4.2,"Darick Hall"
"224",2022,"Hampson","Garrett",641658,"COL",115,"CF",27,"R",0,0.56,0.87,1.13,1.36,1.58,1.78,1.97,2.16,2.34,2.52,2.69,2.86,3.03,3.19,3.36,3.52,3.68,3.85,"Garrett Hampson"
"225",2022,"Haniger","Mitch",571745,"SEA",136,"RF",31,"R",0,0.55,0.88,1.16,1.41,1.64,1.86,2.06,2.26,2.46,2.65,2.84,3.03,3.21,3.39,3.57,3.76,3.94,4.13,"Mitch Haniger"
"226",2022,"Happ","Ian",664023,"CHC",112,"LF",27,"L",0,0.54,0.85,1.11,1.35,1.57,1.78,1.98,2.18,2.37,2.55,2.73,2.91,3.09,3.26,3.44,3.62,3.8,3.99,"Ian Happ"
"227",2022,"Happ","Ian",664023,"CHC",112,"LF",27,"R",0,0.56,0.89,1.16,1.41,1.63,1.84,2.04,2.24,2.43,2.61,2.8,2.97,3.15,3.32,3.5,3.67,3.84,4.01,"Ian Happ"
"228",2022,"Harper","Bryce",547180,"PHI",143,"DH",29,"L",0,0.55,0.86,1.12,1.36,1.58,1.79,1.99,2.18,2.38,2.56,2.74,2.92,3.1,3.28,3.45,3.63,3.82,4.04,"Bryce Harper"
"229",2022,"Harris II","Michael",671739,"ATL",144,"CF",21,"L",0,0.54,0.83,1.08,1.31,1.52,1.71,1.9,2.09,2.27,2.44,2.61,2.78,2.95,3.11,3.28,3.44,3.61,3.8,"Michael Harris II"
"230",2022,"Harrison","Josh",543281,"CWS",145,"2B",34,"R",0,0.56,0.88,1.14,1.38,1.61,1.82,2.02,2.22,2.41,2.59,2.78,2.96,3.14,3.32,3.49,3.67,3.86,4.05,"Josh Harrison"
"231",2022,"Hayes","Ke'Bryan",663647,"PIT",134,"3B",25,"R",0,0.55,0.87,1.14,1.37,1.59,1.8,2,2.19,2.37,2.55,2.73,2.91,3.08,3.26,3.43,3.6,3.78,3.97,"Ke'Bryan Hayes"
"232",2022,"Hays","Austin",669720,"BAL",110,"LF",26,"R",0,0.55,0.87,1.14,1.38,1.6,1.81,2.01,2.2,2.39,2.58,2.76,2.94,3.12,3.3,3.48,3.65,3.84,4.02,"Austin Hays"
"233",2022,"Hedges","Austin",595978,"CLE",114,"C",29,"R",0,0.58,0.93,1.22,1.48,1.72,1.95,2.18,2.39,2.6,2.81,3.01,3.21,3.41,3.61,3.8,4,4.2,4.4,"Austin Hedges"
"234",2022,"Heim","Jonah",641680,"TEX",140,"C",27,"R",0,0.56,0.89,1.17,1.43,1.66,1.88,2.09,2.3,2.5,2.69,2.88,3.07,3.26,3.44,3.63,3.81,3.99,4.19,"Jonah Heim"
"235",2022,"Heim","Jonah",641680,"TEX",140,"C",27,"L",0,0.55,0.88,1.16,1.41,1.65,1.87,2.08,2.29,2.49,2.68,2.88,3.07,3.25,3.44,3.63,3.82,4.01,4.23,"Jonah Heim"
"236",2022,"Heineman","Tyler",623168,"PIT",134,"C",31,"L",0,0.54,0.85,1.12,1.36,1.59,1.81,2.01,2.21,2.41,2.6,2.79,2.97,3.16,3.34,3.52,3.7,3.88,4.09,"Tyler Heineman"
"237",2022,"Henderson","Gunnar",683002,"BAL",110,"3B",21,"L",0,0.54,0.85,1.1,1.34,1.55,1.76,1.95,2.14,2.33,2.5,2.68,2.85,3.02,3.19,3.36,3.52,3.7,3.89,"Gunnar Henderson"
"238",2022,"Henry","Payton",668721,"MIA",146,"C",25,"R",0,0.57,0.91,1.19,1.44,1.67,1.9,2.11,2.32,2.52,2.71,2.91,3.1,3.29,3.47,3.66,3.85,4.04,4.23,"Payton Henry"
"239",2022,"Hensley","David",682073,"HOU",117,"DH",26,"R",0,0.53,0.85,1.11,1.35,1.57,1.78,1.98,2.17,2.36,2.54,2.72,2.9,3.08,3.25,3.42,3.59,3.77,3.94,"David Hensley"
"240",2022,"Heredia","Guillermo",628338,"ATL",144,"RF",31,"R",0,0.57,0.9,1.17,1.41,1.64,1.85,2.05,2.25,2.44,2.62,2.81,2.99,3.17,3.34,3.52,3.69,3.87,4.05,"Guillermo Heredia"
"241",2022,"Hernandez","Yadiel",628450,"WSH",120,"LF",34,"L",0,0.53,0.84,1.11,1.35,1.58,1.79,2,2.2,2.4,2.59,2.78,2.97,3.16,3.35,3.54,3.73,3.93,4.14,"Yadiel Hernandez"
"242",2022,"Hernández","César",514917,"WSH",120,"2B",32,"L",0,0.54,0.84,1.09,1.32,1.54,1.74,1.93,2.12,2.3,2.48,2.65,2.82,2.99,3.16,3.33,3.49,3.67,3.85,"César Hernández"
"243",2022,"Hernández","César",514917,"WSH",120,"2B",32,"R",0,0.57,0.9,1.17,1.41,1.63,1.83,2.03,2.22,2.4,2.58,2.76,2.93,3.1,3.27,3.44,3.61,3.78,3.95,"César Hernández"
"244",2022,"Hernández","Enrique",571771,"BOS",111,"CF",30,"R",0,0.57,0.9,1.18,1.43,1.66,1.88,2.09,2.29,2.49,2.68,2.87,3.06,3.24,3.43,3.61,3.79,3.97,4.17,"Enrique Hernández"
"245",2022,"Hernández","Teoscar",606192,"TOR",141,"RF",29,"R",0,0.58,0.9,1.16,1.4,1.62,1.83,2.03,2.22,2.4,2.58,2.76,2.94,3.11,3.28,3.45,3.62,3.79,3.96,"Teoscar Hernández"
"246",2022,"Herrera","Jose",645444,"AZ",109,"C",25,"L",0,0.55,0.87,1.14,1.4,1.63,1.85,2.06,2.27,2.47,2.67,2.87,3.06,3.26,3.45,3.64,3.83,4.03,4.25,"Jose Herrera"
"247",2022,"Herrera","Odúbel",546318,"PHI",143,"CF",30,"L",0,0.52,0.82,1.08,1.32,1.54,1.74,1.94,2.14,2.32,2.51,2.69,2.86,3.04,3.22,3.39,3.57,3.75,3.96,"Odúbel Herrera"
"248",2022,"Heyward","Jason",518792,"CHC",112,"CF",32,"L",0,0.54,0.86,1.12,1.36,1.59,1.8,2,2.19,2.39,2.57,2.76,2.94,3.12,3.3,3.48,3.65,3.84,4.04,"Jason Heyward"
"249",2022,"Hicks","Aaron",543305,"NYY",147,"CF",32,"R",0,0.56,0.88,1.15,1.39,1.61,1.82,2.02,2.21,2.4,2.59,2.77,2.94,3.12,3.29,3.47,3.64,3.81,3.99,"Aaron Hicks"
"250",2022,"Hicks","Aaron",543305,"NYY",147,"CF",32,"L",0,0.53,0.84,1.1,1.34,1.56,1.77,1.97,2.16,2.34,2.53,2.7,2.88,3.06,3.23,3.4,3.57,3.75,3.94,"Aaron Hicks"
"251",2022,"Higashioka","Kyle",543309,"NYY",147,"C",32,"R",0,0.57,0.9,1.17,1.42,1.65,1.87,2.09,2.29,2.49,2.69,2.89,3.08,3.27,3.46,3.65,3.84,4.03,4.23,"Kyle Higashioka"
"252",2022,"Higgins","P.J.",664731,"CHC",112,"C",29,"R",0,0.56,0.9,1.17,1.42,1.66,1.88,2.09,2.29,2.49,2.69,2.88,3.07,3.26,3.44,3.63,3.81,4,4.19,"P.J. Higgins"
"253",2022,"Hill","Derek",656537,"DET",116,"CF",26,"R",0,0.55,0.86,1.11,1.34,1.55,1.75,1.95,2.13,2.31,2.48,2.65,2.82,2.99,3.15,3.32,3.48,3.65,3.83,"Derek Hill"
"254",2022,"Hilliard","Sam",656541,"COL",115,"LF",28,"L",0,0.55,0.85,1.11,1.34,1.55,1.75,1.95,2.13,2.31,2.49,2.67,2.84,3.01,3.18,3.35,3.52,3.69,3.87,"Sam Hilliard"
"255",2022,"Hiura","Keston",669374,"MIL",158,"1B",25,"R",0,0.54,0.85,1.12,1.36,1.58,1.79,2,2.2,2.39,2.58,2.76,2.95,3.13,3.31,3.49,3.67,3.85,4.04,"Keston Hiura"
"256",2022,"Hoerner","Nico",663538,"CHC",112,"SS",25,"R",0,0.55,0.86,1.12,1.36,1.58,1.78,1.98,2.17,2.35,2.53,2.71,2.88,3.05,3.22,3.39,3.56,3.73,3.9,"Nico Hoerner"
"257",2022,"Hoskins","Rhys",656555,"PHI",143,"1B",29,"R",0,0.58,0.92,1.2,1.46,1.7,1.92,2.14,2.35,2.55,2.75,2.94,3.14,3.33,3.52,3.71,3.9,4.09,4.29,"Rhys Hoskins"
"258",2022,"Hosmer","Eric",543333,"BOS",111,"1B",32,"L",0,0.56,0.89,1.18,1.43,1.66,1.89,2.1,2.31,2.51,2.71,2.9,3.09,3.28,3.47,3.66,3.86,4.07,4.3,"Eric Hosmer"
"259",2022,"Huff","Sam",669087,"TEX",140,"C",24,"R",0,0.56,0.89,1.16,1.4,1.63,1.84,2.05,2.25,2.44,2.63,2.82,3.01,3.19,3.37,3.55,3.73,3.91,4.1,"Sam Huff"
"260",2022,"Hummel","Cooper",669450,"AZ",109,"LF",27,"L",0,0.52,0.81,1.06,1.29,1.51,1.71,1.91,2.1,2.28,2.46,2.64,2.82,2.99,3.16,3.34,3.5,3.67,3.86,"Cooper Hummel"
"261",2022,"Hummel","Cooper",669450,"AZ",109,"LF",27,"R",0,0.57,0.88,1.14,1.38,1.6,1.8,2,2.19,2.38,2.56,2.74,2.92,3.09,3.26,3.44,3.61,3.77,3.95,"Cooper Hummel"
"262",2022,"Ibáñez","Andy",628451,"TEX",140,"3B",29,"R",0,0.56,0.88,1.15,1.39,1.61,1.83,2.03,2.22,2.42,2.6,2.79,2.97,3.15,3.33,3.51,3.69,3.87,4.06,"Andy Ibáñez"
"263",2022,"Iglesias","José",578428,"COL",115,"SS",32,"R",0,0.56,0.88,1.15,1.38,1.61,1.81,2.01,2.2,2.39,2.57,2.75,2.92,3.1,3.27,3.44,3.6,3.77,3.95,"José Iglesias"
"264",2022,"India","Jonathan",663697,"CIN",113,"2B",25,"R",0,0.58,0.92,1.19,1.44,1.67,1.88,2.08,2.28,2.47,2.66,2.84,3.02,3.2,3.37,3.55,3.72,3.9,4.08,"Jonathan India"
"265",2022,"Isbel","Kyle",664728,"KC",118,"RF",25,"L",0,0.53,0.82,1.07,1.3,1.51,1.72,1.91,2.1,2.29,2.47,2.64,2.82,2.99,3.17,3.34,3.52,3.7,3.91,"Kyle Isbel"
"266",2022,"Jankowski","Travis",608671,"SEA",136,"RF",31,"L",0,0.52,0.82,1.06,1.29,1.5,1.69,1.88,2.06,2.24,2.42,2.59,2.76,2.93,3.1,3.26,3.43,3.6,3.78,"Travis Jankowski"
"267",2022,"Jansen","Danny",643376,"TOR",141,"C",27,"R",0,0.57,0.89,1.17,1.41,1.64,1.86,2.06,2.26,2.46,2.64,2.83,3.01,3.2,3.38,3.56,3.73,3.92,4.11,"Danny Jansen"
"268",2022,"Jeffers","Ryan",680777,"MIN",142,"C",25,"R",0,0.56,0.89,1.16,1.41,1.64,1.86,2.07,2.27,2.47,2.66,2.85,3.04,3.23,3.41,3.6,3.78,3.96,4.15,"Ryan Jeffers"
"269",2022,"Jiménez","Eloy",650391,"CWS",145,"DH",25,"R",0,0.57,0.91,1.19,1.44,1.67,1.89,2.1,2.3,2.5,2.69,2.88,3.06,3.25,3.43,3.61,3.79,3.98,4.17,"Eloy Jiménez"
"270",2022,"Joe","Connor",656582,"COL",115,"LF",29,"R",0,0.57,0.9,1.17,1.42,1.64,1.86,2.06,2.26,2.45,2.64,2.83,3.01,3.2,3.38,3.56,3.74,3.93,4.12,"Connor Joe"
"271",2022,"Jones","Nolan",666134,"CLE",114,"RF",24,"L",0,0.53,0.84,1.11,1.35,1.58,1.79,1.99,2.19,2.38,2.56,2.74,2.92,3.1,3.28,3.45,3.63,3.81,4.01,"Nolan Jones"
"272",2022,"Judge","Aaron",592450,"NYY",147,"CF",30,"R",0,0.57,0.9,1.17,1.41,1.63,1.85,2.05,2.25,2.44,2.62,2.81,2.99,3.17,3.35,3.52,3.7,3.88,4.07,"Aaron Judge"
"273",2022,"Jung","Josh",673962,"TEX",140,"3B",24,"R",0,0.56,0.9,1.17,1.42,1.65,1.87,2.08,2.29,2.48,2.68,2.87,3.06,3.24,3.42,3.61,3.79,3.97,4.16,"Josh Jung"
"274",2022,"Kelenic","Jarred",672284,"SEA",136,"CF",22,"L",0,0.54,0.84,1.09,1.32,1.54,1.75,1.94,2.13,2.32,2.5,2.68,2.86,3.03,3.2,3.37,3.55,3.73,3.94,"Jarred Kelenic"
"275",2022,"Kelly","Carson",608348,"AZ",109,"C",27,"R",0,0.58,0.93,1.21,1.47,1.71,1.94,2.15,2.36,2.56,2.76,2.96,3.15,3.34,3.53,3.72,3.91,4.11,4.32,"Carson Kelly"
"276",2022,"Kemp","Tony",643393,"OAK",133,"2B",30,"L",0,0.53,0.83,1.09,1.33,1.55,1.76,1.97,2.16,2.36,2.55,2.74,2.93,3.11,3.3,3.49,3.69,3.9,4.12,"Tony Kemp"
"277",2022,"Kennedy","Buddy",671083,"AZ",109,"2B",23,"R",0,0.57,0.87,1.13,1.36,1.58,1.78,1.98,2.17,2.35,2.53,2.7,2.88,3.05,3.21,3.38,3.54,3.71,3.87,"Buddy Kennedy"
"278",2022,"Kepler","Max",596146,"MIN",142,"RF",29,"L",0,0.55,0.84,1.1,1.33,1.54,1.75,1.94,2.13,2.31,2.49,2.67,2.84,3.02,3.19,3.36,3.54,3.72,3.91,"Max Kepler"
"279",2022,"Kiermaier","Kevin",595281,"TB",139,"CF",32,"L",0,0.54,0.84,1.1,1.33,1.54,1.75,1.94,2.13,2.31,2.49,2.66,2.84,3.01,3.18,3.34,3.51,3.69,3.88,"Kevin Kiermaier"
"280",2022,"Kim","Ha-Seong",673490,"SD",135,"SS",26,"R",0,0.55,0.88,1.15,1.38,1.61,1.82,2.02,2.21,2.4,2.59,2.77,2.95,3.12,3.3,3.47,3.64,3.82,3.99,"Ha-Seong Kim"
"281",2022,"Kiner-Falefa","Isiah",643396,"NYY",147,"SS",27,"R",0,0.55,0.87,1.13,1.37,1.59,1.8,2,2.19,2.38,2.57,2.74,2.92,3.1,3.27,3.44,3.61,3.79,3.97,"Isiah Kiner-Falefa"
"282",2022,"Kirilloff","Alex",666135,"MIN",142,"LF",24,"L",0,0.56,0.88,1.15,1.39,1.61,1.82,2.03,2.22,2.41,2.6,2.78,2.96,3.14,3.31,3.49,3.67,3.85,4.03,"Alex Kirilloff"
"283",2022,"Kirk","Alejandro",672386,"TOR",141,"C",23,"R",0,0.58,0.93,1.22,1.48,1.73,1.96,2.18,2.4,2.61,2.81,3.02,3.22,3.42,3.62,3.81,4.02,4.23,4.44,"Alejandro Kirk"
"284",2022,"Knizner","Andrew",668800,"STL",138,"C",27,"R",0,0.57,0.9,1.18,1.43,1.67,1.89,2.11,2.31,2.51,2.71,2.91,3.1,3.29,3.47,3.66,3.85,4.04,4.24,"Andrew Knizner"
"285",2022,"Kreidler","Ryan",668952,"DET",116,"3B",24,"R",0,0.56,0.88,1.15,1.39,1.61,1.82,2.02,2.22,2.41,2.59,2.77,2.95,3.13,3.3,3.48,3.65,3.83,4,"Ryan Kreidler"
"286",2022,"Kwan","Steven",680757,"CLE",114,"LF",24,"L",0,0.53,0.83,1.08,1.3,1.52,1.72,1.91,2.1,2.28,2.46,2.63,2.81,2.98,3.15,3.32,3.49,3.67,3.86,"Steven Kwan"
"287",2022,"La Stella","Tommy",600303,"SF",137,"DH",33,"L",0,0.56,0.87,1.15,1.4,1.63,1.85,2.07,2.28,2.48,2.69,2.89,3.08,3.28,3.48,3.68,3.88,4.1,4.34,"Tommy La Stella"
"288",2022,"Lagares","Juan",501571,"LAA",108,"RF",33,"R",0,0.58,0.91,1.18,1.42,1.65,1.86,2.07,2.26,2.46,2.64,2.83,3.01,3.19,3.37,3.55,3.73,3.91,4.1,"Juan Lagares"
"289",2022,"Langeliers","Shea",669127,"OAK",133,"DH",24,"R",0,0.54,0.86,1.13,1.37,1.6,1.81,2.01,2.2,2.39,2.58,2.76,2.94,3.11,3.28,3.46,3.63,3.8,3.97,"Shea Langeliers"
"290",2022,"Larnach","Trevor",663616,"MIN",142,"LF",25,"L",0,0.54,0.85,1.11,1.35,1.57,1.78,1.99,2.18,2.37,2.56,2.74,2.92,3.11,3.29,3.46,3.64,3.82,4.02,"Trevor Larnach"
"291",2022,"Laureano","Ramón",657656,"OAK",133,"RF",27,"R",0,0.54,0.86,1.13,1.37,1.59,1.81,2.01,2.21,2.4,2.58,2.77,2.95,3.13,3.31,3.48,3.66,3.84,4.02,"Ramón Laureano"
"292",2022,"LeMahieu","DJ",518934,"NYY",147,"3B",33,"R",0,0.56,0.88,1.15,1.4,1.63,1.84,2.05,2.25,2.45,2.64,2.83,3.01,3.2,3.38,3.57,3.75,3.94,4.13,"DJ LeMahieu"
"293",2022,"Leblanc","Charles",641779,"MIA",146,"2B",26,"R",0,0.57,0.9,1.17,1.41,1.64,1.85,2.05,2.25,2.44,2.62,2.8,2.98,3.16,3.34,3.51,3.69,3.86,4.04,"Charles Leblanc"
"294",2022,"Lewis","Kyle",641786,"SEA",136,"DH",26,"R",0,0.57,0.9,1.18,1.44,1.67,1.9,2.12,2.33,2.54,2.74,2.95,3.15,3.35,3.55,3.76,3.96,4.18,4.4,"Kyle Lewis"
"295",2022,"Lindor","Francisco",596019,"NYM",121,"SS",28,"R",0,0.56,0.88,1.15,1.39,1.61,1.82,2.03,2.22,2.41,2.59,2.77,2.95,3.13,3.31,3.48,3.66,3.84,4.03,"Francisco Lindor"
"296",2022,"Lindor","Francisco",596019,"NYM",121,"SS",28,"L",0,0.55,0.86,1.12,1.36,1.58,1.79,1.99,2.19,2.38,2.56,2.75,2.93,3.1,3.29,3.46,3.65,3.84,4.04,"Francisco Lindor"
"297",2022,"Locastro","Tim",641796,"NYY",147,"RF",29,"R",0,0.55,0.86,1.11,1.34,1.55,1.75,1.94,2.12,2.3,2.48,2.64,2.81,2.98,3.14,3.31,3.47,3.63,3.8,"Tim Locastro"
"298",2022,"Longoria","Evan",446334,"SF",137,"3B",36,"R",0,0.58,0.91,1.19,1.45,1.68,1.9,2.11,2.32,2.52,2.71,2.9,3.09,3.28,3.47,3.65,3.84,4.03,4.23,"Evan Longoria"
"299",2022,"Lopez","Alejo",664670,"CIN",113,"2B",26,"L",0,0.53,0.83,1.09,1.33,1.55,1.76,1.96,2.16,2.35,2.53,2.71,2.89,3.07,3.25,3.43,3.61,3.8,4,"Alejo Lopez"
"300",2022,"Lopez","Nicky",670032,"KC",118,"2B",27,"L",0,0.54,0.84,1.1,1.34,1.56,1.77,1.97,2.16,2.35,2.53,2.71,2.89,3.06,3.24,3.41,3.58,3.77,3.97,"Nicky Lopez"
"301",2022,"Lowe","Brandon",664040,"TB",139,"2B",27,"L",0,0.54,0.83,1.09,1.32,1.54,1.74,1.94,2.13,2.31,2.49,2.67,2.85,3.03,3.2,3.38,3.56,3.75,3.95,"Brandon Lowe"
"302",2022,"Lowe","Josh",666139,"TB",139,"RF",24,"L",0,0.54,0.83,1.09,1.31,1.53,1.73,1.92,2.11,2.28,2.46,2.63,2.8,2.97,3.14,3.31,3.48,3.65,3.82,"Josh Lowe"
"303",2022,"Lowe","Nathaniel",663993,"TEX",140,"1B",26,"L",0,0.54,0.86,1.12,1.36,1.58,1.79,2,2.19,2.38,2.57,2.75,2.93,3.11,3.29,3.47,3.65,3.83,4.01,"Nathaniel Lowe"
"304",2022,"Lowrie","Jed",476704,"OAK",133,"DH",38,"L",0,0.56,0.88,1.15,1.4,1.63,1.85,2.06,2.27,2.48,2.68,2.88,3.08,3.28,3.49,3.7,3.93,4.17,4.43,"Jed Lowrie"
"305",2022,"Luplow","Jordan",656669,"AZ",109,"RF",28,"R",0,0.57,0.9,1.17,1.42,1.64,1.86,2.06,2.26,2.45,2.64,2.82,3,3.17,3.35,3.52,3.7,3.87,4.06,"Jordan Luplow"
"306",2022,"Lux","Gavin",666158,"LAD",119,"2B",24,"L",0,0.54,0.85,1.1,1.33,1.55,1.75,1.94,2.13,2.31,2.49,2.67,2.84,3.01,3.18,3.35,3.52,3.69,3.87,"Gavin Lux"
"307",2022,"Machado","Manny",592518,"SD",135,"3B",29,"R",0,0.57,0.91,1.18,1.44,1.67,1.89,2.1,2.3,2.49,2.69,2.87,3.06,3.24,3.42,3.6,3.79,3.97,4.17,"Manny Machado"
"308",2022,"Machín","Vimael",605353,"OAK",133,"3B",28,"L",0,0.56,0.9,1.18,1.44,1.67,1.9,2.11,2.32,2.53,2.73,2.92,3.12,3.31,3.5,3.69,3.88,4.09,4.32,"Vimael Machín"
"309",2022,"Madrigal","Nick",663611,"CHC",112,"2B",25,"R",0,0.55,0.87,1.14,1.38,1.6,1.81,2.02,2.21,2.4,2.59,2.77,2.95,3.13,3.3,3.48,3.66,3.84,4.03,"Nick Madrigal"
"310",2022,"Madris","Bligh",676632,"PIT",134,"RF",26,"L",0,0.55,0.86,1.13,1.36,1.59,1.8,2,2.19,2.38,2.57,2.75,2.93,3.11,3.29,3.46,3.64,3.81,4.01,"Bligh Madris"
"311",2022,"Maile","Luke",571912,"CLE",114,"C",31,"R",0,0.56,0.89,1.17,1.42,1.65,1.87,2.08,2.28,2.48,2.68,2.87,3.06,3.25,3.43,3.62,3.81,4,4.2,"Luke Maile"
"312",2022,"Maldonado","Martín",455117,"HOU",117,"C",35,"R",0,0.56,0.92,1.21,1.48,1.73,1.96,2.19,2.4,2.61,2.82,3.03,3.23,3.43,3.63,3.83,4.03,4.23,4.48,"Martín Maldonado"
"313",2022,"Mancini","Trey",641820,"HOU",117,"DH",30,"R",0,0.57,0.92,1.21,1.47,1.71,1.93,2.15,2.36,2.57,2.77,2.97,3.16,3.35,3.55,3.74,3.93,4.13,4.33,"Trey Mancini"
"314",2022,"Marcano","Tucupita",672779,"PIT",134,"LF",22,"L",0,0.54,0.84,1.1,1.33,1.55,1.75,1.95,2.14,2.32,2.5,2.68,2.86,3.03,3.2,3.37,3.55,3.73,3.93,"Tucupita Marcano"
"315",2022,"Margot","Manuel",622534,"TB",139,"RF",27,"R",0,0.55,0.87,1.14,1.37,1.59,1.8,1.99,2.18,2.37,2.55,2.72,2.9,3.07,3.24,3.41,3.58,3.76,3.94,"Manuel Margot"
"316",2022,"Marsh","Brandon",669016,"PHI",143,"LF",24,"L",0,0.54,0.84,1.09,1.32,1.53,1.73,1.93,2.11,2.3,2.47,2.65,2.82,2.99,3.16,3.33,3.49,3.66,3.84,"Brandon Marsh"
"317",2022,"Marte","Ketel",606466,"AZ",109,"2B",28,"L",0,0.54,0.84,1.1,1.34,1.56,1.76,1.96,2.16,2.34,2.53,2.71,2.89,3.07,3.25,3.43,3.61,3.8,4.01,"Ketel Marte"
"318",2022,"Marte","Ketel",606466,"AZ",109,"2B",28,"R",0,0.58,0.91,1.18,1.43,1.65,1.87,2.07,2.27,2.46,2.65,2.83,3.02,3.2,3.39,3.58,3.77,3.98,4.21,"Ketel Marte"
"319",2022,"Marte","Starling",516782,"NYM",121,"RF",33,"R",0,0.55,0.86,1.13,1.36,1.58,1.79,1.99,2.17,2.36,2.54,2.72,2.89,3.06,3.24,3.41,3.58,3.75,3.93,"Starling Marte"
"320",2022,"Martinez","J.D.",502110,"BOS",111,"DH",34,"R",0,0.56,0.89,1.17,1.41,1.65,1.86,2.07,2.28,2.47,2.67,2.86,3.05,3.23,3.42,3.6,3.79,3.97,4.16,"J.D. Martinez"
"321",2022,"Massey","Michael",686681,"KC",118,"2B",24,"L",0,0.53,0.83,1.09,1.33,1.55,1.76,1.96,2.15,2.34,2.53,2.71,2.89,3.07,3.24,3.42,3.6,3.79,3.99,"Michael Massey"
"322",2022,"Mateo","Jorge",622761,"BAL",110,"SS",27,"R",0,0.56,0.87,1.12,1.35,1.57,1.77,1.96,2.14,2.32,2.5,2.67,2.83,3,3.16,3.32,3.49,3.65,3.82,"Jorge Mateo"
"323",2022,"Mathias","Mark",664029,"TEX",140,"DH",27,"R",0,0.56,0.88,1.15,1.39,1.61,1.82,2.02,2.22,2.41,2.59,2.78,2.96,3.14,3.31,3.49,3.67,3.84,4.03,"Mark Mathias"
"324",2022,"Matijevic","J.J.",656695,"HOU",117,"DH",26,"L",0,0.54,0.84,1.1,1.34,1.56,1.77,1.97,2.17,2.36,2.55,2.74,2.92,3.1,3.28,3.46,3.65,3.83,4.02,"J.J. Matijevic"
"325",2022,"Mayfield","Jack",608686,"LAA",108,"3B",31,"R",0,0.56,0.88,1.15,1.39,1.62,1.83,2.04,2.24,2.44,2.63,2.82,3,3.19,3.37,3.55,3.73,3.92,4.1,"Jack Mayfield"
"326",2022,"Mazara","Nomar",608577,"SD",135,"RF",27,"L",0,0.55,0.87,1.14,1.39,1.62,1.83,2.04,2.24,2.44,2.63,2.82,3.01,3.19,3.38,3.56,3.76,3.96,4.18,"Nomar Mazara"
"327",2022,"Mazeika","Patrick",664850,"NYM",121,"C",28,"L",0,0.55,0.89,1.18,1.44,1.68,1.91,2.13,2.34,2.55,2.75,2.95,3.15,3.35,3.55,3.75,3.95,4.16,4.39,"Patrick Mazeika"
"328",2022,"McCann","James",543510,"NYM",121,"C",32,"R",0,0.55,0.9,1.18,1.43,1.67,1.89,2.11,2.31,2.51,2.71,2.9,3.09,3.27,3.46,3.64,3.83,4.02,4.23,"James McCann"
"329",2022,"McCarthy","Jake",664983,"AZ",109,"RF",24,"L",0,0.54,0.84,1.09,1.32,1.53,1.73,1.92,2.11,2.28,2.46,2.63,2.79,2.96,3.12,3.28,3.45,3.62,3.79,"Jake McCarthy"
"330",2022,"McCormick","Chas",676801,"HOU",117,"CF",27,"R",0,0.56,0.87,1.13,1.37,1.59,1.79,1.99,2.18,2.36,2.54,2.72,2.9,3.07,3.24,3.41,3.58,3.75,3.93,"Chas McCormick"
"331",2022,"McCutchen","Andrew",457705,"MIL",158,"DH",35,"R",0,0.54,0.86,1.13,1.36,1.59,1.8,2,2.19,2.37,2.56,2.74,2.91,3.08,3.25,3.42,3.59,3.76,3.93,"Andrew McCutchen"
"332",2022,"McGuire","Reese",624512,"BOS",111,"C",27,"L",0,0.55,0.88,1.16,1.41,1.64,1.86,2.08,2.28,2.48,2.68,2.87,3.06,3.25,3.44,3.63,3.82,4.02,4.23,"Reese McGuire"
"333",2022,"McKenna","Ryan",663630,"BAL",110,"CF",25,"R",0,0.54,0.86,1.12,1.35,1.56,1.76,1.96,2.15,2.33,2.5,2.68,2.85,3.02,3.19,3.35,3.52,3.68,3.85,"Ryan McKenna"
"334",2022,"McKinney","Billy",641856,"OAK",133,"RF",27,"L",0,0.55,0.86,1.12,1.36,1.59,1.8,2.01,2.21,2.4,2.59,2.78,2.97,3.15,3.33,3.51,3.69,3.87,4.06,"Billy McKinney"
"335",2022,"McKinstry","Zach",656716,"CHC",112,"2B",27,"L",0,0.55,0.86,1.12,1.36,1.57,1.78,1.98,2.17,2.36,2.54,2.72,2.89,3.07,3.24,3.41,3.58,3.76,3.95,"Zach McKinstry"
"336",2022,"McMahon","Ryan",641857,"COL",115,"3B",27,"L",0,0.54,0.84,1.11,1.35,1.58,1.79,2,2.2,2.39,2.59,2.78,2.96,3.15,3.33,3.52,3.72,3.92,4.15,"Ryan McMahon"
"337",2022,"McNeil","Jeff",643446,"NYM",121,"2B",30,"L",0,0.56,0.87,1.14,1.38,1.6,1.81,2,2.2,2.39,2.57,2.75,2.93,3.11,3.28,3.45,3.63,3.81,4.02,"Jeff McNeil"
"338",2022,"Meadows","Austin",640457,"DET",116,"RF",27,"L",0,0.54,0.85,1.12,1.36,1.58,1.8,2,2.2,2.39,2.58,2.77,2.95,3.13,3.31,3.49,3.67,3.86,4.06,"Austin Meadows"
"339",2022,"Mejía","Francisco",642336,"TB",139,"C",26,"R",0,0.54,0.87,1.14,1.38,1.6,1.81,2.01,2.21,2.4,2.58,2.77,2.95,3.12,3.3,3.47,3.65,3.82,4.01,"Francisco Mejía"
"340",2022,"Mejía","Francisco",642336,"TB",139,"C",26,"L",0,0.53,0.83,1.1,1.33,1.55,1.76,1.96,2.15,2.34,2.53,2.71,2.89,3.07,3.25,3.43,3.62,3.82,4.03,"Francisco Mejía"
"341",2022,"Melendez","MJ",669004,"KC",118,"C",23,"L",0,0.56,0.88,1.14,1.38,1.61,1.82,2.02,2.22,2.41,2.59,2.78,2.96,3.14,3.32,3.49,3.67,3.85,4.05,"MJ Melendez"
"342",2022,"Mendick","Danny",664901,"CWS",145,"SS",28,"R",0,0.55,0.88,1.15,1.4,1.63,1.85,2.05,2.26,2.45,2.65,2.84,3.03,3.22,3.41,3.6,3.79,3.98,4.18,"Danny Mendick"
"343",2022,"Meneses","Joey",608841,"WSH",120,"1B",30,"R",0,0.56,0.89,1.17,1.42,1.65,1.87,2.08,2.29,2.49,2.68,2.87,3.06,3.25,3.44,3.63,3.82,4.01,4.21,"Joey Meneses"
"344",2022,"Mercado","Oscar",640458,"CLE",114,"RF",27,"R",0,0.57,0.88,1.14,1.38,1.6,1.81,2.01,2.2,2.39,2.58,2.76,2.93,3.11,3.28,3.45,3.62,3.8,3.98,"Oscar Mercado"
"345",2022,"Merrifield","Whit",593160,"TOR",141,"2B",33,"R",0,0.56,0.89,1.16,1.4,1.62,1.83,2.03,2.23,2.41,2.6,2.78,2.95,3.13,3.3,3.47,3.64,3.81,3.99,"Whit Merrifield"
"346",2022,"Meyers","Jake",676694,"HOU",117,"CF",26,"R",0,0.54,0.84,1.1,1.33,1.54,1.74,1.94,2.13,2.31,2.49,2.66,2.84,3.01,3.18,3.35,3.52,3.69,3.87,"Jake Meyers"
"347",2022,"Miller","Brad",543543,"TEX",140,"LF",32,"L",0,0.55,0.87,1.14,1.38,1.61,1.82,2.03,2.22,2.42,2.6,2.79,2.97,3.15,3.33,3.51,3.7,3.89,4.09,"Brad Miller"
"348",2022,"Miller","Owen",680911,"CLE",114,"1B",25,"R",0,0.55,0.86,1.13,1.36,1.58,1.79,1.99,2.18,2.36,2.54,2.72,2.89,3.07,3.23,3.4,3.57,3.73,3.91,"Owen Miller"
"349",2022,"Miranda","Jose",669304,"MIN",142,"1B",24,"R",0,0.57,0.91,1.18,1.44,1.67,1.89,2.1,2.31,2.51,2.7,2.9,3.09,3.27,3.46,3.65,3.84,4.03,4.22,"Jose Miranda"
"350",2022,"Mitchell","Cal",668751,"PIT",134,"RF",23,"L",0,0.53,0.85,1.12,1.36,1.59,1.81,2.02,2.22,2.42,2.61,2.8,2.99,3.18,3.37,3.56,3.76,3.98,4.21,"Cal Mitchell"
"351",2022,"Mitchell","Garrett",669003,"MIL",158,"CF",23,"L",0,0.55,0.84,1.08,1.3,1.51,1.7,1.89,2.07,2.25,2.42,2.59,2.76,2.92,3.09,3.25,3.41,3.58,3.75,"Garrett Mitchell"
"352",2022,"Molina","Yadier",425877,"STL",138,"C",39,"R",0,0.6,0.97,1.28,1.56,1.83,2.07,2.31,2.54,2.77,2.99,3.2,3.42,3.63,3.84,4.05,4.26,4.48,4.7,"Yadier Molina"
"353",2022,"Moncada","Yoán",660162,"CWS",145,"3B",27,"L",0,0.55,0.86,1.12,1.35,1.57,1.78,1.98,2.17,2.35,2.54,2.72,2.89,3.07,3.24,3.42,3.6,3.78,3.98,"Yoán Moncada"
"354",2022,"Moncada","Yoán",660162,"CWS",145,"3B",27,"R",0,0.57,0.89,1.15,1.39,1.61,1.81,2.01,2.2,2.39,2.57,2.75,2.92,3.1,3.27,3.45,3.62,3.8,3.99,"Yoán Moncada"
"355",2022,"Moniak","Mickey",666160,"LAA",108,"CF",24,"L",0,0.52,0.82,1.07,1.3,1.51,1.71,1.91,2.09,2.28,2.45,2.63,2.8,2.97,3.14,3.31,3.48,3.66,3.85,"Mickey Moniak"
"356",2022,"Montero","Elehuris",660707,"COL",115,"3B",23,"R",0,0.56,0.89,1.17,1.42,1.65,1.87,2.08,2.28,2.48,2.67,2.86,3.05,3.23,3.42,3.6,3.78,3.96,4.15,"Elehuris Montero"
"357",2022,"Moore","Dylan",664238,"SEA",136,"RF",29,"R",0,0.56,0.89,1.16,1.4,1.63,1.84,2.04,2.24,2.43,2.61,2.8,2.98,3.15,3.33,3.51,3.68,3.86,4.04,"Dylan Moore"
"358",2022,"Moran","Colin",592567,"CIN",113,"1B",29,"L",0,0.55,0.88,1.17,1.43,1.68,1.91,2.14,2.35,2.56,2.77,2.98,3.18,3.38,3.58,3.78,3.99,4.21,4.44,"Colin Moran"
"359",2022,"Morel","Christopher",666624,"CHC",112,"CF",23,"R",0,0.56,0.87,1.13,1.37,1.59,1.79,1.99,2.18,2.36,2.55,2.72,2.9,3.07,3.24,3.41,3.58,3.75,3.93,"Christopher Morel"
"360",2022,"Moreno","Gabriel",672515,"TOR",141,"C",22,"R",0,0.54,0.85,1.12,1.36,1.58,1.79,1.98,2.18,2.36,2.55,2.72,2.9,3.07,3.25,3.42,3.59,3.76,3.94,"Gabriel Moreno"
"361",2022,"Mountcastle","Ryan",663624,"BAL",110,"1B",25,"R",0,0.56,0.89,1.16,1.4,1.62,1.84,2.04,2.23,2.42,2.61,2.79,2.97,3.15,3.32,3.5,3.67,3.85,4.03,"Ryan Mountcastle"
"362",2022,"Moustakas","Mike",519058,"CIN",113,"DH",33,"L",0,0.56,0.9,1.18,1.44,1.68,1.91,2.12,2.33,2.54,2.74,2.94,3.14,3.33,3.52,3.72,3.92,4.13,4.37,"Mike Moustakas"
"363",2022,"Mullins","Cedric",656775,"BAL",110,"CF",27,"L",0,0.53,0.83,1.08,1.31,1.52,1.72,1.92,2.1,2.28,2.46,2.63,2.8,2.97,3.14,3.3,3.47,3.65,3.83,"Cedric Mullins"
"364",2022,"Muncy","Max",571970,"LAD",119,"3B",31,"L",0,0.54,0.84,1.11,1.34,1.56,1.77,1.98,2.17,2.36,2.55,2.73,2.91,3.09,3.27,3.45,3.63,3.82,4.01,"Max Muncy"
"365",2022,"Munoz","Yairo",622168,"PHI",143,"2B",27,"R",0,0.55,0.86,1.12,1.35,1.57,1.78,1.98,2.17,2.36,2.54,2.72,2.89,3.07,3.24,3.41,3.58,3.75,3.92,"Yairo Munoz"
"366",2022,"Murphy","Sean",669221,"OAK",133,"C",27,"R",0,0.56,0.89,1.16,1.41,1.63,1.85,2.06,2.26,2.45,2.64,2.83,3.02,3.21,3.39,3.57,3.76,3.94,4.14,"Sean Murphy"
"367",2022,"Myers","Wil",571976,"SD",135,"RF",31,"R",0,0.56,0.87,1.14,1.38,1.6,1.81,2,2.2,2.38,2.57,2.75,2.92,3.1,3.27,3.44,3.61,3.79,3.97,"Wil Myers"
"368",2022,"Naquin","Tyler",571980,"NYM",121,"RF",31,"L",0,0.54,0.85,1.11,1.34,1.56,1.77,1.98,2.17,2.36,2.55,2.73,2.91,3.09,3.26,3.44,3.63,3.81,4.01,"Tyler Naquin"
"369",2022,"Narváez","Omar",553882,"MIL",158,"C",30,"L",0,0.55,0.88,1.16,1.41,1.65,1.88,2.1,2.31,2.51,2.72,2.92,3.11,3.31,3.51,3.72,3.93,4.15,4.39,"Omar Narváez"
"370",2022,"Naylor","Josh",647304,"CLE",114,"1B",25,"L",0,0.55,0.87,1.14,1.39,1.62,1.84,2.05,2.25,2.45,2.65,2.84,3.03,3.22,3.4,3.59,3.79,3.99,4.2,"Josh Naylor"
"371",2022,"Neuse","Sheldon",641914,"OAK",133,"3B",27,"R",0,0.56,0.89,1.16,1.4,1.63,1.85,2.05,2.25,2.45,2.64,2.83,3.01,3.2,3.38,3.56,3.75,3.93,4.13,"Sheldon Neuse"
"372",2022,"Nevin","Tyler",663527,"BAL",110,"3B",25,"R",0,0.57,0.9,1.17,1.42,1.66,1.88,2.09,2.29,2.5,2.7,2.89,3.08,3.28,3.47,3.66,3.85,4.04,4.25,"Tyler Nevin"
"373",2022,"Newman","Kevin",621028,"PIT",134,"2B",28,"R",0,0.54,0.86,1.13,1.37,1.59,1.8,2,2.2,2.39,2.57,2.75,2.93,3.11,3.28,3.46,3.63,3.8,3.99,"Kevin Newman"
"374",2022,"Nido","Tomás",621512,"NYM",121,"C",28,"R",0,0.57,0.92,1.21,1.47,1.72,1.95,2.17,2.38,2.59,2.79,2.99,3.19,3.38,3.57,3.77,3.96,4.15,4.36,"Tomás Nido"
"375",2022,"Nimmo","Brandon",607043,"NYM",121,"CF",29,"L",0,0.54,0.84,1.09,1.33,1.54,1.74,1.93,2.12,2.3,2.48,2.65,2.82,2.99,3.16,3.33,3.5,3.68,3.86,"Brandon Nimmo"
"376",2022,"Nola","Austin",543592,"SD",135,"C",32,"R",0,0.56,0.9,1.19,1.44,1.68,1.9,2.12,2.32,2.52,2.72,2.91,3.1,3.29,3.48,3.66,3.84,4.03,4.23,"Austin Nola"
"377",2022,"Nootbaar","Lars",663457,"STL",138,"RF",24,"L",0,0.55,0.86,1.12,1.36,1.58,1.79,1.99,2.18,2.37,2.55,2.73,2.91,3.09,3.26,3.44,3.61,3.79,3.97,"Lars Nootbaar"
"378",2022,"O'Hearn","Ryan",656811,"KC",118,"DH",28,"L",0,0.52,0.83,1.09,1.33,1.55,1.76,1.96,2.15,2.34,2.52,2.7,2.88,3.06,3.23,3.41,3.58,3.76,3.95,"Ryan O'Hearn"
"379",2022,"O'Neill","Tyler",641933,"STL",138,"LF",27,"R",0,0.55,0.85,1.11,1.34,1.55,1.75,1.95,2.13,2.32,2.49,2.67,2.84,3.01,3.18,3.34,3.5,3.67,3.84,"Tyler O'Neill"
"380",2022,"Odor","Rougned",596059,"BAL",110,"2B",28,"L",0,0.54,0.84,1.11,1.34,1.56,1.77,1.97,2.17,2.36,2.54,2.73,2.91,3.09,3.27,3.44,3.62,3.8,3.99,"Rougned Odor"
"381",2022,"Ohtani","Shohei",660271,"LAA",108,"DH",27,"L",0,0.55,0.85,1.11,1.34,1.55,1.76,1.95,2.14,2.33,2.51,2.68,2.86,3.03,3.2,3.36,3.53,3.71,3.9,"Shohei Ohtani"
"382",2022,"Olivares","Edward",658668,"KC",118,"RF",26,"R",0,0.56,0.87,1.14,1.37,1.59,1.8,2,2.19,2.37,2.56,2.73,2.91,3.08,3.25,3.43,3.59,3.77,3.94,"Edward Olivares"
"383",2022,"Olson","Matt",621566,"ATL",144,"1B",28,"L",0,0.56,0.89,1.17,1.41,1.65,1.87,2.08,2.29,2.48,2.68,2.87,3.06,3.25,3.44,3.62,3.81,4,4.21,"Matt Olson"
"384",2022,"Ortega","Rafael",542364,"CHC",112,"CF",31,"L",0,0.54,0.85,1.11,1.35,1.58,1.79,1.99,2.19,2.38,2.57,2.75,2.94,3.12,3.3,3.48,3.67,3.86,4.08,"Rafael Ortega"
"385",2022,"Owings","Chris",572008,"BAL",110,"2B",30,"R",0,0.59,0.92,1.19,1.43,1.65,1.87,2.07,2.26,2.45,2.64,2.82,3.01,3.19,3.36,3.54,3.71,3.89,4.07,"Chris Owings"
"386",2022,"Ozuna","Marcell",542303,"ATL",144,"DH",31,"R",0,0.59,0.94,1.23,1.49,1.72,1.95,2.16,2.36,2.56,2.75,2.94,3.12,3.3,3.48,3.66,3.84,4.02,4.21,"Marcell Ozuna"
"387",2022,"Pache","Cristian",665506,"OAK",133,"CF",23,"R",0,0.56,0.88,1.15,1.38,1.61,1.81,2.01,2.21,2.39,2.58,2.76,2.94,3.11,3.28,3.46,3.63,3.8,3.99,"Cristian Pache"
"388",2022,"Palacios","Jermaine",650339,"MIN",142,"SS",25,"R",0,0.55,0.88,1.15,1.39,1.62,1.83,2.03,2.23,2.42,2.6,2.78,2.96,3.14,3.31,3.49,3.66,3.84,4.03,"Jermaine Palacios"
"389",2022,"Palacios","Josh",641943,"WSH",120,"RF",26,"L",0,0.54,0.83,1.09,1.32,1.53,1.74,1.93,2.12,2.3,2.48,2.66,2.83,3.01,3.18,3.35,3.52,3.69,3.88,"Josh Palacios"
"390",2022,"Palacios","Richie",680700,"CLE",114,"LF",25,"L",0,0.54,0.84,1.1,1.33,1.55,1.76,1.96,2.15,2.34,2.52,2.7,2.88,3.05,3.23,3.41,3.58,3.77,3.97,"Richie Palacios"
"391",2022,"Papierski","Michael",657709,"CIN",113,"C",26,"L",0,0.56,0.9,1.19,1.45,1.7,1.92,2.14,2.36,2.57,2.77,2.97,3.17,3.36,3.56,3.76,3.96,4.18,4.41,"Michael Papierski"
"392",2022,"Paredes","Isaac",670623,"TB",139,"3B",23,"R",0,0.57,0.9,1.18,1.43,1.67,1.89,2.1,2.31,2.5,2.7,2.89,3.08,3.27,3.46,3.65,3.84,4.03,4.24,"Isaac Paredes"
"393",2022,"Park","Hoy",660829,"PIT",134,"2B",26,"L",0,0.56,0.86,1.11,1.35,1.57,1.77,1.97,2.16,2.35,2.53,2.71,2.88,3.06,3.23,3.4,3.57,3.75,3.96,"Hoy Park"
"394",2022,"Pasquantino","Vinnie",686469,"KC",118,"1B",24,"L",0,0.56,0.9,1.18,1.43,1.66,1.88,2.1,2.3,2.5,2.7,2.89,3.08,3.27,3.46,3.65,3.84,4.03,4.23,"Vinnie Pasquantino"
"395",2022,"Pederson","Joc",592626,"SF",137,"LF",30,"L",0,0.55,0.87,1.15,1.39,1.62,1.83,2.04,2.24,2.43,2.62,2.81,2.99,3.17,3.35,3.53,3.72,3.9,4.09,"Joc Pederson"
"396",2022,"Peralta","David",444482,"TB",139,"LF",34,"L",0,0.53,0.84,1.11,1.35,1.57,1.78,1.99,2.18,2.37,2.56,2.74,2.92,3.1,3.27,3.45,3.63,3.82,4.03,"David Peralta"
"397",2022,"Peraza","Oswald",672724,"NYY",147,"SS",22,"R",0,0.56,0.89,1.15,1.38,1.6,1.8,2,2.19,2.37,2.55,2.72,2.9,3.07,3.24,3.4,3.57,3.74,3.91,"Oswald Peraza"
"398",2022,"Perdomo","Geraldo",672695,"AZ",109,"SS",22,"R",0,0.57,0.9,1.17,1.41,1.64,1.85,2.06,2.26,2.45,2.64,2.82,3.01,3.19,3.36,3.54,3.72,3.9,4.09,"Geraldo Perdomo"
"399",2022,"Perdomo","Geraldo",672695,"AZ",109,"SS",22,"L",0,0.55,0.86,1.12,1.36,1.58,1.79,2,2.19,2.39,2.57,2.76,2.94,3.13,3.31,3.49,3.68,3.88,4.09,"Geraldo Perdomo"
"400",2022,"Perez","Michael",605421,"NYM",121,"C",29,"L",0,0.53,0.85,1.13,1.39,1.62,1.84,2.06,2.27,2.47,2.67,2.87,3.06,3.26,3.46,3.67,3.89,4.13,4.39,"Michael Perez"
"401",2022,"Perez","Salvador",521692,"KC",118,"C",32,"R",0,0.58,0.94,1.23,1.49,1.73,1.96,2.18,2.39,2.6,2.8,3,3.2,3.39,3.58,3.77,3.96,4.15,4.35,"Salvador Perez"
"402",2022,"Peterson","Jace",607054,"MIL",158,"3B",32,"L",0,0.55,0.86,1.12,1.36,1.58,1.79,1.99,2.18,2.37,2.55,2.72,2.9,3.07,3.24,3.41,3.59,3.77,3.96,"Jace Peterson"
"403",2022,"Peña","Jeremy",665161,"HOU",117,"SS",24,"R",0,0.54,0.85,1.11,1.34,1.55,1.75,1.95,2.13,2.31,2.49,2.67,2.84,3.01,3.17,3.34,3.51,3.67,3.84,"Jeremy Peña"
"404",2022,"Pham","Tommy",502054,"BOS",111,"LF",34,"R",0,0.56,0.89,1.16,1.4,1.63,1.84,2.04,2.23,2.43,2.61,2.79,2.97,3.15,3.32,3.5,3.67,3.85,4.03,"Tommy Pham"
"405",2022,"Phillips","Brett",621433,"BAL",110,"CF",28,"L",0,0.53,0.82,1.08,1.3,1.51,1.71,1.9,2.09,2.27,2.45,2.62,2.79,2.96,3.13,3.3,3.47,3.64,3.83,"Brett Phillips"
"406",2022,"Pinder","Chad",640461,"OAK",133,"LF",30,"R",0,0.57,0.91,1.19,1.44,1.68,1.9,2.12,2.33,2.53,2.73,2.92,3.11,3.3,3.49,3.68,3.88,4.08,4.29,"Chad Pinder"
"407",2022,"Pinto","René",650907,"TB",139,"C",25,"R",0,0.56,0.89,1.16,1.4,1.63,1.84,2.05,2.25,2.44,2.63,2.81,3,3.18,3.36,3.53,3.71,3.89,4.07,"René Pinto"
"408",2022,"Piscotty","Stephen",572039,"OAK",133,"RF",31,"R",0,0.57,0.9,1.18,1.43,1.67,1.89,2.11,2.31,2.52,2.72,2.91,3.1,3.3,3.49,3.68,3.87,4.06,4.27,"Stephen Piscotty"
"409",2022,"Plawecki","Kevin",608700,"TEX",140,"C",31,"R",0,0.55,0.9,1.19,1.45,1.69,1.92,2.14,2.36,2.57,2.77,2.98,3.18,3.38,3.58,3.78,3.98,4.19,4.41,"Kevin Plawecki"
"410",2022,"Polanco","Jorge",593871,"MIN",142,"2B",28,"L",0,0.56,0.88,1.14,1.38,1.6,1.8,2,2.19,2.38,2.56,2.73,2.91,3.08,3.25,3.42,3.59,3.77,3.96,"Jorge Polanco"
"411",2022,"Pollock","AJ",572041,"CWS",145,"LF",34,"R",0,0.57,0.89,1.16,1.4,1.62,1.83,2.03,2.22,2.41,2.6,2.78,2.96,3.13,3.31,3.48,3.66,3.83,4.02,"AJ Pollock"
"412",2022,"Pratto","Nick",668472,"KC",118,"1B",23,"L",0,0.56,0.86,1.13,1.36,1.58,1.79,1.99,2.19,2.38,2.56,2.75,2.93,3.11,3.29,3.46,3.64,3.83,4.03,"Nick Pratto"
"413",2022,"Profar","Jurickson",595777,"SD",135,"LF",29,"L",0,0.55,0.87,1.14,1.39,1.61,1.83,2.04,2.24,2.43,2.62,2.81,3,3.18,3.36,3.54,3.73,3.92,4.13,"Jurickson Profar"
"414",2022,"Profar","Jurickson",595777,"SD",135,"LF",29,"R",0,0.56,0.88,1.16,1.41,1.64,1.85,2.06,2.26,2.46,2.65,2.84,3.03,3.21,3.39,3.57,3.75,3.94,4.13,"Jurickson Profar"
"415",2022,"Pujols","Albert",405395,"STL",138,"DH",42,"R",0,0.59,0.95,1.25,1.52,1.77,2,2.23,2.46,2.67,2.88,3.1,3.31,3.52,3.73,3.94,4.16,4.39,4.64,"Albert Pujols"
"416",2022,"Raleigh","Cal",663728,"SEA",136,"C",25,"L",0,0.55,0.87,1.14,1.39,1.62,1.84,2.05,2.25,2.45,2.64,2.83,3.02,3.2,3.39,3.57,3.75,3.94,4.15,"Cal Raleigh"
"417",2022,"Raleigh","Cal",663728,"SEA",136,"C",25,"R",0,0.54,0.87,1.15,1.4,1.63,1.85,2.06,2.26,2.45,2.65,2.84,3.02,3.21,3.39,3.57,3.75,3.94,4.12,"Cal Raleigh"
"418",2022,"Ramírez","Harold",623912,"TB",139,"DH",27,"R",0,0.55,0.87,1.14,1.38,1.6,1.81,2.01,2.21,2.39,2.58,2.76,2.93,3.11,3.28,3.46,3.63,3.8,3.99,"Harold Ramírez"
"419",2022,"Ramírez","José",608070,"CLE",114,"3B",29,"R",0,0.56,0.89,1.16,1.39,1.61,1.82,2.01,2.2,2.38,2.56,2.74,2.91,3.09,3.25,3.42,3.59,3.75,3.93,"José Ramírez"
"420",2022,"Ramírez","José",608070,"CLE",114,"3B",29,"L",0,0.54,0.84,1.09,1.32,1.53,1.74,1.93,2.12,2.3,2.48,2.65,2.83,3,3.17,3.34,3.51,3.69,3.87,"José Ramírez"
"421",2022,"Realmuto","J.T.",592663,"PHI",143,"C",31,"R",0,0.56,0.88,1.15,1.39,1.61,1.82,2.02,2.21,2.4,2.58,2.76,2.93,3.11,3.28,3.45,3.62,3.79,3.96,"J.T. Realmuto"
"422",2022,"Refsnyder","Rob",608701,"BOS",111,"RF",31,"R",0,0.56,0.89,1.16,1.4,1.63,1.84,2.04,2.24,2.44,2.62,2.81,2.99,3.17,3.35,3.53,3.72,3.9,4.1,"Rob Refsnyder"
"423",2022,"Rendon","Anthony",543685,"LAA",108,"3B",32,"R",0,0.57,0.91,1.19,1.45,1.68,1.9,2.12,2.32,2.52,2.71,2.91,3.1,3.28,3.47,3.66,3.84,4.03,4.22,"Anthony Rendon"
"424",2022,"Renfroe","Hunter",592669,"MIL",158,"RF",30,"R",0,0.56,0.9,1.17,1.42,1.65,1.87,2.07,2.27,2.46,2.65,2.84,3.02,3.21,3.38,3.57,3.75,3.93,4.12,"Hunter Renfroe"
"425",2022,"Rengifo","Luis",650859,"LAA",108,"2B",25,"L",0,0.52,0.83,1.09,1.32,1.54,1.75,1.95,2.14,2.33,2.51,2.69,2.87,3.05,3.22,3.4,3.57,3.75,3.96,"Luis Rengifo"
"426",2022,"Rengifo","Luis",650859,"LAA",108,"2B",25,"R",0,0.55,0.88,1.14,1.39,1.61,1.82,2.02,2.22,2.4,2.59,2.77,2.95,3.13,3.3,3.48,3.65,3.83,4.02,"Luis Rengifo"
"427",2022,"Reyes","Franmil",614177,"CHC",112,"DH",26,"R",0,0.58,0.94,1.22,1.48,1.72,1.94,2.16,2.37,2.57,2.77,2.96,3.15,3.34,3.52,3.71,3.9,4.09,4.28,"Franmil Reyes"
"428",2022,"Reyes","Victor",622682,"DET",116,"RF",27,"R",0,0.6,0.94,1.22,1.47,1.69,1.91,2.11,2.31,2.51,2.69,2.88,3.06,3.24,3.42,3.6,3.78,3.95,4.14,"Victor Reyes"
"429",2022,"Reyes","Victor",622682,"DET",116,"RF",27,"L",0,0.54,0.86,1.12,1.36,1.59,1.8,2,2.2,2.39,2.58,2.76,2.94,3.12,3.29,3.47,3.66,3.84,4.05,"Victor Reyes"
"430",2022,"Reynolds","Bryan",668804,"PIT",134,"CF",27,"R",0,0.56,0.88,1.14,1.37,1.59,1.8,2,2.19,2.37,2.56,2.73,2.91,3.08,3.26,3.43,3.6,3.76,3.94,"Bryan Reynolds"
"431",2022,"Reynolds","Bryan",668804,"PIT",134,"CF",27,"L",0,0.53,0.84,1.09,1.32,1.54,1.75,1.94,2.13,2.32,2.5,2.68,2.86,3.03,3.2,3.38,3.55,3.73,3.93,"Bryan Reynolds"
"432",2022,"Reynolds","Matt",608703,"CIN",113,"2B",31,"R",0,0.55,0.87,1.14,1.39,1.61,1.83,2.03,2.23,2.42,2.61,2.8,2.98,3.16,3.34,3.52,3.69,3.87,4.06,"Matt Reynolds"
"433",2022,"Riley","Austin",663586,"ATL",144,"3B",25,"R",0,0.56,0.88,1.15,1.4,1.62,1.84,2.04,2.24,2.43,2.62,2.8,2.98,3.16,3.34,3.51,3.69,3.86,4.04,"Austin Riley"
"434",2022,"Rivas","Alfonso",663845,"CHC",112,"1B",25,"L",0,0.55,0.86,1.13,1.38,1.6,1.82,2.03,2.23,2.42,2.62,2.8,2.99,3.18,3.36,3.55,3.74,3.95,4.16,"Alfonso Rivas"
"435",2022,"Rivera","Emmanuel",656896,"AZ",109,"3B",26,"R",0,0.56,0.9,1.18,1.43,1.66,1.88,2.09,2.29,2.49,2.68,2.87,3.06,3.24,3.42,3.61,3.79,3.98,4.17,"Emmanuel Rivera"
"436",2022,"Rizzo","Anthony",519203,"NYY",147,"1B",32,"L",0,0.56,0.89,1.17,1.42,1.65,1.88,2.09,2.3,2.5,2.7,2.89,3.09,3.28,3.47,3.66,3.85,4.05,4.26,"Anthony Rizzo"
"437",2022,"Robert Jr.","Luis",673357,"CWS",145,"CF",24,"R",0,0.55,0.87,1.13,1.36,1.58,1.78,1.97,2.16,2.34,2.52,2.7,2.87,3.05,3.22,3.39,3.57,3.75,3.93,"Luis Robert Jr."
"438",2022,"Robinson","Chuckie",642020,"CIN",113,"C",27,"R",0,0.55,0.88,1.17,1.42,1.65,1.88,2.09,2.3,2.5,2.7,2.89,3.08,3.27,3.46,3.65,3.83,4.02,4.22,"Chuckie Robinson"
"439",2022,"Robles","Victor",645302,"WSH",120,"CF",25,"R",0,0.56,0.87,1.13,1.36,1.58,1.78,1.97,2.16,2.34,2.52,2.69,2.86,3.03,3.19,3.36,3.53,3.69,3.87,"Victor Robles"
"440",2022,"Rodgers","Brendan",663898,"COL",115,"2B",25,"R",0,0.56,0.87,1.13,1.37,1.59,1.81,2.01,2.21,2.4,2.59,2.78,2.96,3.15,3.33,3.51,3.69,3.87,4.07,"Brendan Rodgers"
"441",2022,"Rodríguez","Julio",677594,"SEA",136,"CF",21,"R",0,0.55,0.86,1.12,1.35,1.57,1.77,1.96,2.15,2.33,2.5,2.67,2.84,3.01,3.17,3.34,3.5,3.66,3.83,"Julio Rodríguez"
"442",2022,"Rojas","Josh",668942,"AZ",109,"3B",28,"L",0,0.55,0.86,1.12,1.36,1.58,1.8,2,2.19,2.39,2.57,2.75,2.94,3.11,3.29,3.47,3.65,3.83,4.02,"Josh Rojas"
"443",2022,"Rojas","Miguel",500743,"MIA",146,"SS",33,"R",0,0.56,0.89,1.17,1.42,1.65,1.87,2.08,2.28,2.48,2.67,2.86,3.05,3.24,3.42,3.61,3.8,3.99,4.2,"Miguel Rojas"
"444",2022,"Romine","Austin",519222,"CIN",113,"C",33,"R",0,0.57,0.92,1.2,1.46,1.7,1.93,2.15,2.35,2.56,2.76,2.96,3.15,3.35,3.54,3.73,3.92,4.12,4.33,"Austin Romine"
"445",2022,"Rosario","Amed",642708,"CLE",114,"SS",26,"R",0,0.56,0.88,1.14,1.37,1.59,1.8,1.99,2.18,2.36,2.54,2.72,2.89,3.06,3.22,3.39,3.56,3.72,3.89,"Amed Rosario"
"446",2022,"Rosario","Eddie",592696,"ATL",144,"LF",30,"L",0,0.54,0.85,1.11,1.35,1.57,1.77,1.97,2.17,2.35,2.54,2.72,2.9,3.07,3.25,3.42,3.6,3.79,4,"Eddie Rosario"
"447",2022,"Ruf","Darin",573131,"NYM",121,"1B",35,"R",0,0.57,0.91,1.2,1.45,1.69,1.92,2.14,2.35,2.55,2.76,2.95,3.15,3.34,3.53,3.72,3.91,4.11,4.31,"Darin Ruf"
"448",2022,"Ruiz","Esteury",665923,"MIL",158,"LF",23,"R",0,0.54,0.85,1.11,1.34,1.56,1.76,1.96,2.14,2.32,2.5,2.67,2.84,3,3.17,3.33,3.49,3.65,3.81,"Esteury Ruiz"
"449",2022,"Ruiz","Keibert",660688,"WSH",120,"C",23,"L",0,0.53,0.85,1.12,1.37,1.61,1.83,2.04,2.24,2.45,2.64,2.84,3.03,3.22,3.41,3.61,3.81,4.01,4.23,"Keibert Ruiz"
"450",2022,"Ruiz","Keibert",660688,"WSH",120,"C",23,"R",0,0.57,0.92,1.2,1.46,1.7,1.93,2.14,2.35,2.56,2.76,2.95,3.15,3.34,3.53,3.72,3.92,4.12,4.32,"Keibert Ruiz"
"451",2022,"Rutschman","Adley",668939,"BAL",110,"C",24,"L",0,0.55,0.86,1.13,1.37,1.59,1.81,2.01,2.21,2.41,2.6,2.78,2.97,3.15,3.33,3.51,3.7,3.88,4.08,"Adley Rutschman"
"452",2022,"Rutschman","Adley",668939,"BAL",110,"C",24,"R",0,0.58,0.92,1.19,1.44,1.68,1.89,2.1,2.31,2.51,2.7,2.89,3.07,3.26,3.44,3.63,3.81,3.99,4.17,"Adley Rutschman"
"453",2022,"Ríos","Edwin",621458,"LAD",119,"DH",28,"L",0,0.53,0.86,1.13,1.38,1.61,1.83,2.04,2.24,2.44,2.63,2.83,3.02,3.21,3.4,3.59,3.78,3.97,4.18,"Edwin Ríos"
"454",2022,"Sanchez","Gary",596142,"MIN",142,"C",29,"R",0,0.58,0.92,1.21,1.46,1.7,1.92,2.14,2.34,2.55,2.74,2.93,3.13,3.31,3.5,3.69,3.88,4.07,4.26,"Gary Sanchez"
"455",2022,"Santana","Carlos",467793,"SEA",136,"1B",36,"L",0,0.55,0.87,1.14,1.38,1.61,1.83,2.04,2.24,2.44,2.63,2.82,3.01,3.19,3.38,3.57,3.76,3.96,4.19,"Carlos Santana"
"456",2022,"Santana","Carlos",467793,"SEA",136,"1B",36,"R",0,0.58,0.92,1.2,1.45,1.68,1.9,2.12,2.32,2.52,2.72,2.91,3.1,3.29,3.48,3.67,3.85,4.05,4.25,"Carlos Santana"
"457",2022,"Santander","Anthony",623993,"BAL",110,"RF",27,"R",0,0.58,0.92,1.19,1.44,1.67,1.89,2.09,2.29,2.48,2.67,2.86,3.04,3.22,3.4,3.58,3.76,3.94,4.13,"Anthony Santander"
"458",2022,"Santander","Anthony",623993,"BAL",110,"RF",27,"L",0,0.55,0.87,1.14,1.39,1.61,1.82,2.03,2.23,2.42,2.62,2.8,2.99,3.17,3.35,3.54,3.73,3.92,4.13,"Anthony Santander"
"459",2022,"Schoop","Jonathan",570731,"DET",116,"2B",30,"R",0,0.57,0.9,1.18,1.43,1.66,1.88,2.09,2.29,2.48,2.67,2.86,3.05,3.23,3.41,3.59,3.77,3.96,4.15,"Jonathan Schoop"
"460",2022,"Schwarber","Kyle",656941,"PHI",143,"LF",29,"L",0,0.55,0.86,1.13,1.38,1.6,1.82,2.03,2.23,2.42,2.61,2.8,2.98,3.17,3.35,3.53,3.72,3.91,4.11,"Kyle Schwarber"
"461",2022,"Schwindel","Frank",643524,"CHC",112,"1B",30,"R",0,0.57,0.92,1.2,1.46,1.69,1.92,2.13,2.34,2.54,2.74,2.94,3.13,3.32,3.51,3.7,3.89,4.09,4.3,"Frank Schwindel"
"462",2022,"Seager","Corey",608369,"TEX",140,"SS",28,"L",0,0.55,0.87,1.14,1.38,1.61,1.83,2.03,2.23,2.43,2.62,2.81,3,3.18,3.37,3.55,3.75,3.94,4.16,"Corey Seager"
"463",2022,"Segura","Jean",516416,"PHI",143,"2B",32,"R",0,0.56,0.88,1.15,1.39,1.61,1.82,2.02,2.21,2.4,2.59,2.76,2.94,3.12,3.29,3.47,3.64,3.81,4,"Jean Segura"
"464",2022,"Semien","Marcus",543760,"TEX",140,"2B",31,"R",0,0.55,0.86,1.12,1.36,1.58,1.78,1.98,2.17,2.35,2.53,2.71,2.88,3.06,3.23,3.4,3.56,3.73,3.91,"Marcus Semien"
"465",2022,"Senzel","Nick",669222,"CIN",113,"CF",27,"R",0,0.55,0.87,1.13,1.37,1.59,1.8,2,2.19,2.38,2.56,2.74,2.92,3.09,3.26,3.44,3.6,3.77,3.95,"Nick Senzel"
"466",2022,"Serven","Brian",661531,"COL",115,"C",27,"R",0,0.56,0.89,1.17,1.42,1.66,1.88,2.09,2.29,2.49,2.68,2.87,3.06,3.25,3.43,3.62,3.8,3.99,4.19,"Brian Serven"
"467",2022,"Sheets","Gavin",657757,"CWS",145,"RF",26,"L",0,0.55,0.88,1.15,1.4,1.63,1.85,2.06,2.27,2.46,2.66,2.85,3.04,3.22,3.4,3.59,3.77,3.96,4.16,"Gavin Sheets"
"468",2022,"Sierra","Magneuris",642423,"LAA",108,"CF",26,"L",0,0.52,0.81,1.06,1.29,1.5,1.69,1.89,2.07,2.25,2.42,2.59,2.76,2.93,3.09,3.26,3.42,3.59,3.8,"Magneuris Sierra"
"469",2022,"Simmons","Andrelton",592743,"CHC",112,"SS",32,"R",0,0.57,0.9,1.17,1.42,1.65,1.87,2.08,2.28,2.48,2.67,2.86,3.04,3.23,3.41,3.59,3.77,3.96,4.15,"Andrelton Simmons"
"470",2022,"Siri","Jose",642350,"TB",139,"CF",26,"R",0,0.55,0.87,1.13,1.37,1.58,1.79,1.98,2.17,2.34,2.52,2.69,2.86,3.02,3.18,3.35,3.51,3.67,3.84,"Jose Siri"
"471",2022,"Slater","Austin",596103,"SF",137,"CF",29,"R",0,0.55,0.86,1.12,1.36,1.57,1.78,1.97,2.16,2.34,2.52,2.7,2.87,3.05,3.22,3.39,3.55,3.72,3.9,"Austin Slater"
"472",2022,"Smith","Dominic",642086,"NYM",121,"1B",27,"L",0,0.55,0.88,1.15,1.4,1.63,1.85,2.06,2.27,2.46,2.66,2.85,3.04,3.23,3.41,3.6,3.78,3.97,4.18,"Dominic Smith"
"473",2022,"Smith","Josh H.",669701,"TEX",140,"3B",24,"L",0,0.52,0.81,1.07,1.3,1.51,1.72,1.91,2.1,2.29,2.47,2.65,2.82,2.99,3.17,3.34,3.52,3.7,3.9,"Josh H. Smith"
"474",2022,"Smith","Kevin",675656,"OAK",133,"3B",25,"R",0,0.56,0.89,1.15,1.4,1.62,1.83,2.04,2.23,2.43,2.61,2.8,2.98,3.16,3.33,3.51,3.69,3.87,4.06,"Kevin Smith"
"475",2022,"Smith","Pavin",656976,"AZ",109,"RF",26,"L",0,0.56,0.88,1.15,1.39,1.62,1.84,2.04,2.25,2.44,2.63,2.82,3.01,3.2,3.38,3.57,3.76,3.96,4.18,"Pavin Smith"
"476",2022,"Smith","Will",669257,"LAD",119,"C",27,"R",0,0.57,0.9,1.16,1.41,1.63,1.84,2.05,2.24,2.43,2.62,2.8,2.98,3.16,3.34,3.52,3.7,3.88,4.06,"Will Smith"
"477",2022,"Solak","Nick",669256,"TEX",140,"LF",27,"R",0,0.55,0.85,1.11,1.34,1.56,1.77,1.96,2.15,2.34,2.52,2.7,2.88,3.06,3.23,3.4,3.57,3.74,3.92,"Nick Solak"
"478",2022,"Solano","Donovan",456781,"CIN",113,"1B",34,"R",0,0.58,0.92,1.2,1.45,1.69,1.91,2.13,2.33,2.53,2.73,2.92,3.11,3.3,3.49,3.68,3.86,4.06,4.27,"Donovan Solano"
"479",2022,"Soler","Jorge",624585,"MIA",146,"LF",30,"R",0,0.58,0.91,1.19,1.44,1.67,1.89,2.1,2.3,2.49,2.68,2.87,3.05,3.24,3.42,3.6,3.78,3.96,4.16,"Jorge Soler"
"480",2022,"Sosa","Edmundo",624641,"PHI",143,"SS",26,"R",0,0.56,0.87,1.13,1.36,1.57,1.78,1.97,2.16,2.33,2.51,2.68,2.85,3.02,3.19,3.35,3.51,3.67,3.85,"Edmundo Sosa"
"481",2022,"Sosa","Lenyn",672820,"CWS",145,"SS",22,"R",0,0.57,0.9,1.18,1.42,1.65,1.86,2.06,2.26,2.45,2.64,2.82,3,3.18,3.36,3.54,3.71,3.9,4.08,"Lenyn Sosa"
"482",2022,"Soto","Juan",665742,"SD",135,"RF",23,"L",0,0.55,0.87,1.14,1.38,1.61,1.82,2.02,2.22,2.41,2.6,2.79,2.97,3.15,3.33,3.51,3.7,3.88,4.08,"Juan Soto"
"483",2022,"Springer","George",543807,"TOR",141,"CF",32,"R",0,0.55,0.86,1.12,1.35,1.57,1.78,1.97,2.16,2.35,2.53,2.71,2.88,3.06,3.23,3.4,3.57,3.74,3.92,"George Springer"
"484",2022,"Stallings","Jacob",607732,"MIA",146,"C",32,"R",0,0.59,0.94,1.24,1.51,1.76,2,2.23,2.46,2.67,2.89,3.1,3.3,3.51,3.71,3.92,4.12,4.34,4.56,"Jacob Stallings"
"485",2022,"Stanton","Giancarlo",519317,"NYY",147,"DH",32,"R",0,0.56,0.88,1.15,1.4,1.64,1.86,2.07,2.28,2.49,2.69,2.89,3.09,3.29,3.49,3.69,3.9,4.11,4.35,"Giancarlo Stanton"
"486",2022,"Stassi","Max",545358,"LAA",108,"C",31,"R",0,0.56,0.89,1.17,1.43,1.66,1.88,2.1,2.3,2.5,2.7,2.89,3.08,3.27,3.46,3.66,3.85,4.05,4.25,"Max Stassi"
"487",2022,"Steer","Spencer",668715,"CIN",113,"3B",24,"R",0,0.56,0.89,1.17,1.42,1.64,1.86,2.07,2.27,2.46,2.65,2.84,3.02,3.2,3.37,3.55,3.72,3.9,4.08,"Spencer Steer"
"488",2022,"Stefanic","Michael",683021,"LAA",108,"2B",26,"R",0,0.55,0.87,1.14,1.39,1.62,1.84,2.05,2.25,2.45,2.65,2.84,3.03,3.21,3.4,3.58,3.77,3.96,4.15,"Michael Stefanic"
"489",2022,"Stephenson","Tyler",663886,"CIN",113,"C",25,"R",0,0.57,0.91,1.19,1.44,1.67,1.89,2.1,2.31,2.51,2.7,2.89,3.08,3.27,3.45,3.64,3.82,4.02,4.22,"Tyler Stephenson"
"490",2022,"Story","Trevor",596115,"BOS",111,"2B",29,"R",0,0.56,0.87,1.13,1.36,1.58,1.78,1.98,2.17,2.35,2.53,2.71,2.88,3.05,3.22,3.39,3.56,3.73,3.91,"Trevor Story"
"491",2022,"Stott","Bryson",681082,"PHI",143,"SS",24,"L",0,0.54,0.85,1.11,1.35,1.57,1.77,1.97,2.16,2.34,2.52,2.7,2.87,3.04,3.21,3.37,3.54,3.71,3.91,"Bryson Stott"
"492",2022,"Stowers","Kyle",669065,"BAL",110,"LF",24,"L",0,0.56,0.87,1.13,1.37,1.59,1.8,2,2.2,2.4,2.59,2.78,2.96,3.15,3.33,3.51,3.7,3.89,4.1,"Kyle Stowers"
"493",2022,"Strange-Gordon","Dee",543829,"WSH",120,"SS",34,"L",0,0.54,0.84,1.1,1.33,1.54,1.75,1.95,2.14,2.32,2.5,2.68,2.86,3.03,3.2,3.38,3.55,3.73,3.92,"Dee Strange-Gordon"
"494",2022,"Straw","Myles",664702,"CLE",114,"CF",27,"R",0,0.55,0.86,1.12,1.35,1.57,1.77,1.96,2.15,2.33,2.51,2.68,2.85,3.02,3.19,3.36,3.52,3.69,3.86,"Myles Straw"
"495",2022,"Stubbs","Garrett",596117,"PHI",143,"C",29,"L",0,0.53,0.84,1.09,1.33,1.54,1.75,1.95,2.14,2.33,2.51,2.7,2.88,3.05,3.23,3.41,3.59,3.77,3.96,"Garrett Stubbs"
"496",2022,"Suwinski","Jack",669261,"PIT",134,"LF",23,"L",0,0.54,0.84,1.09,1.32,1.54,1.74,1.94,2.13,2.31,2.49,2.67,2.85,3.02,3.19,3.36,3.53,3.7,3.88,"Jack Suwinski"
"497",2022,"Suzuki","Kurt",435559,"LAA",108,"C",38,"R",0,0.58,0.93,1.22,1.48,1.72,1.96,2.18,2.4,2.61,2.81,3.02,3.22,3.42,3.62,3.82,4.02,4.23,4.46,"Kurt Suzuki"
"498",2022,"Suzuki","Seiya",673548,"CHC",112,"RF",27,"R",0,0.56,0.88,1.15,1.38,1.61,1.81,2.01,2.21,2.39,2.57,2.75,2.93,3.1,3.28,3.44,3.61,3.79,3.96,"Seiya Suzuki"
"499",2022,"Suárez","Eugenio",553993,"SEA",136,"3B",30,"R",0,0.56,0.89,1.17,1.42,1.66,1.88,2.09,2.29,2.49,2.69,2.88,3.07,3.26,3.45,3.64,3.84,4.04,4.25,"Eugenio Suárez"
"500",2022,"Swanson","Dansby",621020,"ATL",144,"SS",28,"R",0,0.55,0.87,1.13,1.37,1.58,1.79,1.98,2.17,2.36,2.54,2.71,2.89,3.06,3.23,3.4,3.57,3.74,3.92,"Dansby Swanson"
"501",2022,"Sánchez","Jesús",660821,"MIA",146,"CF",24,"L",0,0.55,0.85,1.11,1.35,1.57,1.77,1.97,2.17,2.36,2.54,2.73,2.91,3.09,3.26,3.44,3.62,3.8,3.99,"Jesús Sánchez"
"502",2022,"Tapia","Raimel",606132,"TOR",141,"LF",28,"L",0,0.55,0.85,1.11,1.34,1.56,1.76,1.96,2.14,2.33,2.51,2.68,2.85,3.03,3.2,3.36,3.54,3.72,3.92,"Raimel Tapia"
"503",2022,"Taveras","Leody",665750,"TEX",140,"CF",23,"R",0,0.58,0.9,1.16,1.39,1.61,1.81,2,2.18,2.36,2.54,2.71,2.88,3.05,3.21,3.37,3.54,3.7,3.86,"Leody Taveras"
"504",2022,"Taveras","Leody",665750,"TEX",140,"CF",23,"L",0,0.55,0.85,1.11,1.33,1.54,1.74,1.93,2.12,2.3,2.47,2.64,2.81,2.98,3.15,3.31,3.48,3.65,3.85,"Leody Taveras"
"505",2022,"Taylor","Chris",621035,"LAD",119,"LF",31,"R",0,0.57,0.9,1.16,1.4,1.63,1.84,2.04,2.23,2.42,2.61,2.79,2.97,3.14,3.31,3.48,3.65,3.82,4,"Chris Taylor"
"506",2022,"Taylor","Michael A.",572191,"KC",118,"CF",31,"R",0,0.54,0.85,1.11,1.34,1.55,1.76,1.95,2.14,2.33,2.51,2.68,2.86,3.03,3.2,3.37,3.54,3.7,3.88,"Michael A. Taylor"
"507",2022,"Taylor","Tyrone",621438,"MIL",158,"CF",28,"R",0,0.55,0.87,1.14,1.38,1.6,1.81,2.01,2.2,2.39,2.57,2.75,2.93,3.1,3.28,3.45,3.62,3.78,3.96,"Tyrone Taylor"
"508",2022,"Tellez","Rowdy",642133,"MIL",158,"1B",27,"L",0,0.57,0.92,1.21,1.47,1.72,1.95,2.17,2.39,2.59,2.8,3,3.2,3.4,3.59,3.79,3.98,4.18,4.4,"Rowdy Tellez"
"509",2022,"Thaiss","Matt",642136,"LAA",108,"C",27,"L",0,0.54,0.86,1.14,1.39,1.63,1.85,2.06,2.27,2.48,2.68,2.88,3.08,3.28,3.49,3.7,3.92,4.17,4.45,"Matt Thaiss"
"510",2022,"Thomas","Alek",677950,"AZ",109,"CF",22,"L",0,0.53,0.83,1.09,1.32,1.53,1.74,1.93,2.12,2.3,2.48,2.66,2.83,3,3.17,3.33,3.5,3.67,3.86,"Alek Thomas"
"511",2022,"Thomas","Lane",657041,"WSH",120,"CF",26,"R",0,0.55,0.87,1.13,1.36,1.58,1.79,1.98,2.17,2.36,2.54,2.71,2.88,3.05,3.22,3.39,3.55,3.72,3.89,"Lane Thomas"
"512",2022,"Thompson","Bubba",669352,"TEX",140,"LF",24,"R",0,0.53,0.83,1.08,1.31,1.52,1.71,1.9,2.08,2.26,2.43,2.6,2.76,2.92,3.08,3.24,3.4,3.57,3.74,"Bubba Thompson"
"513",2022,"Thompson","Trayce",572204,"LAD",119,"LF",31,"R",0,0.58,0.91,1.18,1.43,1.65,1.87,2.07,2.27,2.46,2.65,2.83,3.01,3.19,3.37,3.54,3.72,3.91,4.1,"Trayce Thompson"
"514",2022,"Torkelson","Spencer",679529,"DET",116,"1B",22,"R",0,0.56,0.88,1.15,1.39,1.61,1.83,2.03,2.23,2.42,2.61,2.79,2.97,3.15,3.33,3.51,3.68,3.86,4.05,"Spencer Torkelson"
"515",2022,"Toro","Abraham",647351,"SEA",136,"2B",25,"R",0,0.58,0.9,1.17,1.41,1.63,1.84,2.04,2.24,2.43,2.61,2.79,2.97,3.14,3.32,3.49,3.66,3.84,4.02,"Abraham Toro"
"516",2022,"Toro","Abraham",647351,"SEA",136,"2B",25,"L",0,0.53,0.84,1.1,1.33,1.55,1.76,1.96,2.15,2.34,2.53,2.71,2.89,3.06,3.24,3.41,3.59,3.78,3.98,"Abraham Toro"
"517",2022,"Torrens","Luis",620443,"SEA",136,"C",26,"R",0,0.56,0.9,1.18,1.44,1.67,1.9,2.11,2.32,2.52,2.72,2.92,3.11,3.3,3.49,3.68,3.86,4.06,4.26,"Luis Torrens"
"518",2022,"Torres","Gleyber",650402,"NYY",147,"2B",25,"R",0,0.56,0.89,1.16,1.41,1.64,1.85,2.06,2.26,2.45,2.64,2.83,3.01,3.19,3.37,3.55,3.73,3.91,4.1,"Gleyber Torres"
"519",2022,"Trammell","Taylor",666211,"SEA",136,"RF",24,"L",0,0.54,0.85,1.11,1.34,1.56,1.76,1.96,2.15,2.34,2.52,2.7,2.88,3.06,3.24,3.42,3.6,3.8,4.01,"Taylor Trammell"
"520",2022,"Trejo","Alan",676701,"COL",115,"SS",26,"R",0,0.56,0.89,1.17,1.42,1.66,1.87,2.08,2.28,2.48,2.67,2.86,3.05,3.24,3.42,3.6,3.78,3.97,4.17,"Alan Trejo"
"521",2022,"Trevino","Jose",624431,"NYY",147,"C",29,"R",0,0.55,0.89,1.16,1.41,1.65,1.87,2.08,2.29,2.49,2.69,2.89,3.09,3.29,3.48,3.68,3.88,4.08,4.29,"Jose Trevino"
"522",2022,"Trout","Mike",545361,"LAA",108,"CF",30,"R",0,0.55,0.86,1.11,1.34,1.55,1.75,1.94,2.13,2.31,2.48,2.65,2.82,2.99,3.15,3.32,3.48,3.65,3.82,"Mike Trout"
"523",2022,"Tsutsugo","Yoshi",660294,"PIT",134,"1B",30,"L",0,0.58,0.91,1.19,1.44,1.67,1.89,2.1,2.3,2.5,2.7,2.89,3.08,3.26,3.45,3.63,3.82,4.02,4.22,"Yoshi Tsutsugo"
"524",2022,"Tucker","Cole",657061,"PIT",134,"RF",25,"L",0,0.55,0.85,1.11,1.35,1.57,1.78,1.98,2.17,2.36,2.54,2.72,2.9,3.08,3.25,3.43,3.6,3.78,3.97,"Cole Tucker"
"525",2022,"Tucker","Kyle",663656,"HOU",117,"RF",25,"L",0,0.54,0.84,1.1,1.34,1.55,1.76,1.96,2.16,2.34,2.53,2.71,2.89,3.07,3.25,3.43,3.61,3.8,4.02,"Kyle Tucker"
"526",2022,"Turner","Justin",457759,"LAD",119,"3B",37,"R",0,0.57,0.91,1.19,1.45,1.69,1.92,2.14,2.35,2.56,2.77,2.97,3.17,3.36,3.56,3.75,3.94,4.14,4.35,"Justin Turner"
"527",2022,"Turner","Trea",607208,"LAD",119,"SS",29,"R",0,0.56,0.87,1.12,1.35,1.56,1.76,1.95,2.13,2.31,2.48,2.64,2.81,2.97,3.13,3.29,3.45,3.6,3.77,"Trea Turner"
"528",2022,"Urshela","Gio",570482,"MIN",142,"3B",30,"R",0,0.56,0.89,1.17,1.41,1.64,1.86,2.07,2.27,2.47,2.66,2.85,3.04,3.23,3.41,3.6,3.79,3.99,4.2,"Gio Urshela"
"529",2022,"Urías","Luis",649966,"MIL",158,"3B",25,"R",0,0.55,0.88,1.16,1.4,1.63,1.85,2.06,2.26,2.45,2.65,2.84,3.03,3.21,3.4,3.59,3.77,3.96,4.16,"Luis Urías"
"530",2022,"Urías","Ramón",602104,"BAL",110,"3B",28,"R",0,0.57,0.91,1.18,1.43,1.66,1.88,2.09,2.29,2.49,2.68,2.87,3.06,3.24,3.43,3.61,3.79,3.98,4.18,"Ramón Urías"
"531",2022,"VanMeter","Josh",642165,"PIT",134,"2B",27,"L",0,0.55,0.86,1.13,1.37,1.6,1.81,2.02,2.22,2.41,2.6,2.79,2.98,3.16,3.34,3.53,3.72,3.92,4.14,"Josh VanMeter"
"532",2022,"Vargas","Ildemaro",545121,"WSH",120,"3B",30,"L",0,0.54,0.85,1.11,1.35,1.58,1.79,1.99,2.19,2.38,2.57,2.75,2.93,3.11,3.29,3.47,3.65,3.83,4.03,"Ildemaro Vargas"
"533",2022,"Vargas","Ildemaro",545121,"WSH",120,"3B",30,"R",0,0.54,0.87,1.14,1.38,1.61,1.83,2.03,2.23,2.42,2.61,2.79,2.98,3.16,3.34,3.53,3.71,3.9,4.1,"Ildemaro Vargas"
"534",2022,"Varsho","Daulton",662139,"AZ",109,"RF",25,"L",0,0.56,0.87,1.13,1.37,1.58,1.79,1.99,2.18,2.36,2.54,2.72,2.89,3.07,3.24,3.41,3.58,3.77,3.97,"Daulton Varsho"
"535",2022,"Vaughn","Andrew",683734,"CWS",145,"LF",24,"R",0,0.57,0.9,1.18,1.43,1.66,1.88,2.09,2.3,2.5,2.69,2.88,3.07,3.26,3.45,3.63,3.82,4.01,4.2,"Andrew Vaughn"
"536",2022,"Vavra","Terrin",679631,"BAL",110,"2B",25,"L",0,0.54,0.85,1.11,1.35,1.57,1.78,1.99,2.18,2.37,2.56,2.74,2.92,3.1,3.28,3.46,3.64,3.83,4.03,"Terrin Vavra"
"537",2022,"Velazquez","Andrew",623205,"LAA",108,"SS",27,"L",0,0.53,0.82,1.07,1.29,1.5,1.7,1.88,2.07,2.25,2.42,2.59,2.76,2.93,3.09,3.26,3.43,3.6,3.79,"Andrew Velazquez"
"538",2022,"Velazquez","Andrew",623205,"LAA",108,"SS",27,"R",0,0.53,0.84,1.09,1.31,1.53,1.72,1.91,2.09,2.27,2.45,2.62,2.79,2.95,3.12,3.28,3.45,3.61,3.79,"Andrew Velazquez"
"539",2022,"Velázquez","Nelson",676369,"CHC",112,"CF",23,"R",0,0.55,0.87,1.14,1.38,1.6,1.8,2,2.2,2.38,2.57,2.75,2.93,3.1,3.28,3.45,3.62,3.79,3.97,"Nelson Velázquez"
"540",2022,"Verdugo","Alex",657077,"BOS",111,"LF",26,"L",0,0.55,0.86,1.12,1.36,1.59,1.8,2,2.2,2.39,2.58,2.76,2.94,3.12,3.3,3.48,3.66,3.84,4.05,"Alex Verdugo"
"541",2022,"Vierling","Matt",663837,"PHI",143,"CF",25,"R",0,0.56,0.88,1.14,1.37,1.59,1.79,1.99,2.18,2.36,2.54,2.71,2.88,3.05,3.22,3.38,3.55,3.72,3.89,"Matt Vierling"
"542",2022,"Villar","David",681584,"SF",137,"3B",25,"R",0,0.58,0.92,1.2,1.45,1.69,1.91,2.12,2.32,2.52,2.72,2.91,3.1,3.28,3.47,3.65,3.84,4.02,4.21,"David Villar"
"543",2022,"Villar","Jonathan",542340,"LAA",108,"2B",31,"L",0,0.54,0.85,1.11,1.34,1.57,1.78,1.98,2.17,2.36,2.55,2.74,2.92,3.1,3.28,3.47,3.66,3.86,4.11,"Jonathan Villar"
"544",2022,"Villar","Jonathan",542340,"LAA",108,"2B",31,"R",0,0.56,0.89,1.16,1.4,1.63,1.85,2.05,2.25,2.45,2.64,2.82,3.01,3.19,3.37,3.55,3.73,3.91,4.1,"Jonathan Villar"
"545",2022,"Vogelbach","Daniel",596129,"NYM",121,"DH",29,"L",0,0.56,0.89,1.18,1.44,1.68,1.91,2.13,2.35,2.55,2.76,2.96,3.16,3.36,3.56,3.77,3.98,4.2,4.43,"Daniel Vogelbach"
"546",2022,"Vogt","Stephen",519390,"OAK",133,"DH",37,"L",0,0.56,0.89,1.16,1.41,1.65,1.87,2.08,2.28,2.48,2.68,2.87,3.06,3.25,3.44,3.63,3.82,4.01,4.23,"Stephen Vogt"
"547",2022,"Voit","Luke",572228,"WSH",120,"DH",31,"R",0,0.57,0.91,1.2,1.46,1.7,1.93,2.15,2.36,2.57,2.78,2.98,3.18,3.38,3.58,3.78,3.98,4.18,4.39,"Luke Voit"
"548",2022,"Vosler","Jason",613564,"SF",137,"3B",28,"L",0,0.53,0.84,1.11,1.36,1.59,1.8,2.01,2.21,2.41,2.6,2.79,2.98,3.16,3.35,3.53,3.71,3.91,4.11,"Jason Vosler"
"549",2022,"Votto","Joey",458015,"CIN",113,"1B",38,"L",0,0.54,0.86,1.14,1.39,1.62,1.85,2.06,2.27,2.47,2.67,2.87,3.06,3.25,3.45,3.64,3.84,4.05,4.28,"Joey Votto"
"550",2022,"Vázquez","Christian",543877,"HOU",117,"C",31,"R",0,0.58,0.92,1.2,1.47,1.7,1.93,2.15,2.36,2.56,2.76,2.96,3.15,3.34,3.54,3.73,3.93,4.12,4.33,"Christian Vázquez"
"551",2022,"Wade Jr.","LaMonte",664774,"SF",137,"RF",28,"L",0,0.55,0.87,1.14,1.39,1.62,1.83,2.04,2.24,2.44,2.63,2.82,3,3.18,3.37,3.55,3.74,3.94,4.15,"LaMonte Wade Jr."
"552",2022,"Wade","Tyler",642180,"LAA",108,"2B",27,"L",0,0.54,0.84,1.09,1.32,1.53,1.73,1.92,2.11,2.29,2.47,2.64,2.81,2.98,3.15,3.32,3.49,3.66,3.85,"Tyler Wade"
"553",2022,"Walker","Christian",572233,"AZ",109,"1B",31,"R",0,0.56,0.9,1.17,1.42,1.66,1.87,2.09,2.29,2.49,2.68,2.87,3.05,3.24,3.42,3.6,3.78,3.97,4.16,"Christian Walker"
"554",2022,"Wallner","Matt",670242,"MIN",142,"RF",24,"L",0,0.54,0.85,1.11,1.34,1.56,1.76,1.96,2.15,2.33,2.51,2.69,2.87,3.04,3.21,3.39,3.56,3.74,3.93,"Matt Wallner"
"555",2022,"Walls","Taylor",670764,"TB",139,"SS",25,"R",0,0.55,0.87,1.13,1.36,1.58,1.79,1.98,2.17,2.36,2.54,2.71,2.89,3.06,3.23,3.4,3.57,3.74,3.91,"Taylor Walls"
"556",2022,"Walls","Taylor",670764,"TB",139,"SS",25,"L",0,0.53,0.82,1.06,1.29,1.5,1.7,1.9,2.08,2.27,2.44,2.62,2.79,2.96,3.13,3.3,3.47,3.64,3.83,"Taylor Walls"
"557",2022,"Walsh","Jared",665120,"LAA",108,"1B",28,"L",0,0.54,0.86,1.12,1.37,1.6,1.81,2.02,2.22,2.42,2.61,2.8,2.99,3.17,3.36,3.55,3.74,3.93,4.13,"Jared Walsh"
"558",2022,"Walton","Donovan",622268,"SF",137,"2B",28,"L",0,0.54,0.85,1.11,1.35,1.58,1.79,1.99,2.18,2.37,2.56,2.74,2.92,3.1,3.28,3.46,3.65,3.84,4.04,"Donovan Walton"
"559",2022,"Ward","Taylor",621493,"LAA",108,"RF",28,"R",0,0.55,0.86,1.12,1.36,1.58,1.78,1.98,2.17,2.35,2.54,2.71,2.89,3.06,3.23,3.4,3.57,3.74,3.91,"Taylor Ward"
"560",2022,"Wendle","Joey",621563,"MIA",146,"3B",32,"L",0,0.54,0.84,1.1,1.34,1.56,1.77,1.97,2.16,2.35,2.53,2.72,2.9,3.08,3.26,3.43,3.61,3.8,3.99,"Joey Wendle"
"561",2022,"White","Eli",642201,"TEX",140,"CF",28,"R",0,0.56,0.87,1.12,1.35,1.57,1.76,1.95,2.14,2.32,2.49,2.66,2.83,3,3.16,3.32,3.48,3.64,3.81,"Eli White"
"562",2022,"Williams","Luke",663897,"MIA",146,"LF",25,"R",0,0.57,0.89,1.15,1.39,1.6,1.81,2.01,2.19,2.38,2.56,2.73,2.91,3.08,3.25,3.42,3.58,3.75,3.93,"Luke Williams"
"563",2022,"Winker","Jesse",608385,"SEA",136,"LF",28,"L",0,0.55,0.88,1.15,1.4,1.63,1.85,2.06,2.27,2.47,2.66,2.85,3.05,3.23,3.42,3.61,3.8,3.99,4.2,"Jesse Winker"
"564",2022,"Wisdom","Patrick",621550,"CHC",112,"3B",30,"R",0,0.54,0.86,1.13,1.38,1.6,1.81,2.01,2.21,2.4,2.58,2.77,2.94,3.12,3.3,3.47,3.64,3.82,4,"Patrick Wisdom"
"565",2022,"Witt Jr.","Bobby",677951,"KC",118,"SS",22,"R",0,0.55,0.86,1.11,1.34,1.55,1.75,1.94,2.13,2.3,2.48,2.65,2.81,2.98,3.14,3.31,3.47,3.63,3.8,"Bobby Witt Jr."
"566",2022,"Wong","Connor",657136,"BOS",111,"C",26,"R",0,0.56,0.87,1.13,1.36,1.58,1.78,1.98,2.17,2.35,2.53,2.71,2.89,3.06,3.23,3.4,3.57,3.74,3.92,"Connor Wong"
"567",2022,"Wong","Kolten",543939,"MIL",158,"2B",31,"L",0,0.53,0.83,1.09,1.33,1.55,1.76,1.96,2.15,2.34,2.53,2.72,2.9,3.08,3.27,3.45,3.64,3.83,4.04,"Kolten Wong"
"568",2022,"Wynns","Austin",642851,"SF",137,"C",31,"R",0,0.58,0.93,1.22,1.49,1.73,1.97,2.19,2.41,2.62,2.82,3.03,3.23,3.42,3.62,3.82,4.01,4.22,4.44,"Austin Wynns"
"569",2022,"Yastrzemski","Mike",573262,"SF",137,"CF",31,"L",0,0.54,0.85,1.11,1.35,1.57,1.78,1.98,2.18,2.37,2.56,2.74,2.92,3.1,3.28,3.46,3.64,3.83,4.03,"Mike Yastrzemski"
"570",2022,"Yelich","Christian",592885,"MIL",158,"LF",30,"L",0,0.54,0.84,1.1,1.34,1.55,1.76,1.96,2.15,2.33,2.51,2.69,2.86,3.04,3.21,3.38,3.55,3.73,3.91,"Christian Yelich"
"571",2022,"Yepez","Juan",660766,"STL",138,"LF",24,"R",0,0.57,0.9,1.18,1.43,1.66,1.88,2.09,2.29,2.49,2.68,2.87,3.06,3.25,3.43,3.62,3.8,3.98,4.17,"Juan Yepez"
"572",2022,"Zavala","Seby",664874,"CWS",145,"C",28,"R",0,0.53,0.87,1.15,1.4,1.63,1.84,2.06,2.26,2.46,2.66,2.85,3.04,3.23,3.42,3.61,3.8,3.99,4.18,"Seby Zavala"
"573",2022,"Zimmer","Bradley",605548,"TOR",141,"CF",29,"L",0,0.54,0.82,1.08,1.3,1.52,1.72,1.91,2.1,2.28,2.46,2.63,2.8,2.97,3.14,3.3,3.47,3.64,3.82,"Bradley Zimmer"
"574",2022,"d'Arnaud","Travis",518595,"ATL",144,"C",33,"R",0,0.56,0.9,1.18,1.44,1.67,1.9,2.11,2.31,2.51,2.71,2.9,3.09,3.28,3.47,3.66,3.85,4.04,4.25,"Travis d'Arnaud"
